scenario,year,value,metric,stratum,cohort,stat
S_infant_eff50,2020,19.204383926995646,asr_cancer_incidence,all,whole,median
S_infant_eff50,2021,19.036829371196326,asr_cancer_incidence,all,whole,median
S_infant_eff50,2022,19.204057280129412,asr_cancer_incidence,all,whole,median
S_infant_eff50,2023,19.008643479627743,asr_cancer_incidence,all,whole,median
S_infant_eff50,2024,19.413305012746903,asr_cancer_incidence,all,whole,median
S_infant_eff50,2025,19.581238662394547,asr_cancer_incidence,all,whole,median
S_infant_eff50,2026,19.412578058792413,asr_cancer_incidence,all,whole,median
S_infant_eff50,2027,19.84890742212321,asr_cancer_incidence,all,whole,median
S_infant_eff50,2028,19.081544620075732,asr_cancer_incidence,all,whole,median
S_infant_eff50,2029,18.532107522201667,asr_cancer_incidence,all,whole,median
S_infant_eff50,2030,18.514010977870477,asr_cancer_incidence,all,whole,median
S_infant_eff50,2031,17.94669477636049,asr_cancer_incidence,all,whole,median
S_infant_eff50,2032,18.112151303567675,asr_cancer_incidence,all,whole,median
S_infant_eff50,2033,17.80830172760051,asr_cancer_incidence,all,whole,median
S_infant_eff50,2034,17.448708825876388,asr_cancer_incidence,all,whole,median
S_infant_eff50,2035,17.266130467010974,asr_cancer_incidence,all,whole,median
S_infant_eff50,2036,17.055057735974472,asr_cancer_incidence,all,whole,median
S_infant_eff50,2037,16.834856960202174,asr_cancer_incidence,all,whole,median
S_infant_eff50,2038,16.83253198918044,asr_cancer_incidence,all,whole,median
S_infant_eff50,2039,16.62425731906324,asr_cancer_incidence,all,whole,median
S_infant_eff50,2040,16.059441827687017,asr_cancer_incidence,all,whole,median
S_infant_eff50,2041,15.745633191944908,asr_cancer_incidence,all,whole,median
S_infant_eff50,2042,15.500073959155834,asr_cancer_incidence,all,whole,median
S_infant_eff50,2043,15.078389454728836,asr_cancer_incidence,all,whole,median
S_infant_eff50,2044,14.991945818876804,asr_cancer_incidence,all,whole,median
S_infant_eff50,2045,14.625632500935378,asr_cancer_incidence,all,whole,median
S_infant_eff50,2046,14.25507357496857,asr_cancer_incidence,all,whole,median
S_infant_eff50,2047,13.976379394467727,asr_cancer_incidence,all,whole,median
S_infant_eff50,2048,13.547988627282034,asr_cancer_incidence,all,whole,median
S_infant_eff50,2049,13.304203222636188,asr_cancer_incidence,all,whole,median
S_infant_eff50,2050,12.637996465385203,asr_cancer_incidence,all,whole,median
S_infant_eff50,2051,12.563825901550972,asr_cancer_incidence,all,whole,median
S_infant_eff50,2052,12.162040948403884,asr_cancer_incidence,all,whole,median
S_infant_eff50,2053,12.007077231784784,asr_cancer_incidence,all,whole,median
S_infant_eff50,2054,11.345997654646018,asr_cancer_incidence,all,whole,median
S_infant_eff50,2055,11.029998851363693,asr_cancer_incidence,all,whole,median
S_infant_eff50,2056,10.785767753076442,asr_cancer_incidence,all,whole,median
S_infant_eff50,2057,10.612625051345667,asr_cancer_incidence,all,whole,median
S_infant_eff50,2058,10.079965171768421,asr_cancer_incidence,all,whole,median
S_infant_eff50,2059,9.684010365062093,asr_cancer_incidence,all,whole,median
S_infant_eff50,2060,9.483918799325934,asr_cancer_incidence,all,whole,median
S_infant_eff50,2061,9.121727809123989,asr_cancer_incidence,all,whole,median
S_infant_eff50,2062,8.753359051321356,asr_cancer_incidence,all,whole,median
S_infant_eff50,2063,8.355827118051078,asr_cancer_incidence,all,whole,median
S_infant_eff50,2064,8.258378468563997,asr_cancer_incidence,all,whole,median
S_infant_eff50,2065,8.099484624826871,asr_cancer_incidence,all,whole,median
S_infant_eff50,2066,7.842211427123534,asr_cancer_incidence,all,whole,median
S_infant_eff50,2067,7.67442253049556,asr_cancer_incidence,all,whole,median
S_infant_eff50,2068,7.493097997648739,asr_cancer_incidence,all,whole,median
S_infant_eff50,2069,7.279400970996103,asr_cancer_incidence,all,whole,median
S_infant_eff50,2070,7.049158770462465,asr_cancer_incidence,all,whole,median
S_infant_eff50,2071,6.587783612064849,asr_cancer_incidence,all,whole,median
S_infant_eff50,2072,6.669595846288873,asr_cancer_incidence,all,whole,median
S_infant_eff50,2073,6.3548973328710066,asr_cancer_incidence,all,whole,median
S_infant_eff50,2074,6.336645602201095,asr_cancer_incidence,all,whole,median
S_infant_eff50,2075,6.037090163539512,asr_cancer_incidence,all,whole,median
S_infant_eff50,2076,6.0194356749603966,asr_cancer_incidence,all,whole,median
S_infant_eff50,2077,5.814230363093261,asr_cancer_incidence,all,whole,median
S_infant_eff50,2078,5.770100808736307,asr_cancer_incidence,all,whole,median
S_infant_eff50,2079,5.57653968982199,asr_cancer_incidence,all,whole,median
S_infant_eff50,2080,5.574106784984714,asr_cancer_incidence,all,whole,median
S_infant_eff50,2081,5.488422152959379,asr_cancer_incidence,all,whole,median
S_infant_eff50,2082,5.1634528293366415,asr_cancer_incidence,all,whole,median
S_infant_eff50,2083,5.247265708421309,asr_cancer_incidence,all,whole,median
S_infant_eff50,2084,5.244415047620531,asr_cancer_incidence,all,whole,median
S_infant_eff50,2085,5.1233899345701115,asr_cancer_incidence,all,whole,median
S_infant_eff50,2086,4.970861422808541,asr_cancer_incidence,all,whole,median
S_infant_eff50,2087,5.226399116051862,asr_cancer_incidence,all,whole,median
S_infant_eff50,2088,4.985921832844957,asr_cancer_incidence,all,whole,median
S_infant_eff50,2089,4.958558984557531,asr_cancer_incidence,all,whole,median
S_infant_eff50,2090,4.866000264595403,asr_cancer_incidence,all,whole,median
S_infant_eff50,2091,4.9427345067207415,asr_cancer_incidence,all,whole,median
S_infant_eff50,2092,5.163472636450041,asr_cancer_incidence,all,whole,median
S_infant_eff50,2093,5.067527964956173,asr_cancer_incidence,all,whole,median
S_infant_eff50,2094,5.158513916793405,asr_cancer_incidence,all,whole,median
S_infant_eff50,2095,4.817033023147688,asr_cancer_incidence,all,whole,median
S_infant_eff50,2096,4.845227101361886,asr_cancer_incidence,all,whole,median
S_infant_eff50,2097,5.218441513477825,asr_cancer_incidence,all,whole,median
S_infant_eff50,2098,5.005089342930011,asr_cancer_incidence,all,whole,median
S_infant_eff50,2099,4.7301680962055475,asr_cancer_incidence,all,whole,median
S_infant_eff50,2100,5.1541540214441595,asr_cancer_incidence,all,whole,median
S_infant_full,2020,19.204383926995646,asr_cancer_incidence,all,whole,median
S_infant_full,2021,19.036829371196326,asr_cancer_incidence,all,whole,median
S_infant_full,2022,19.204057280129412,asr_cancer_incidence,all,whole,median
S_infant_full,2023,19.008639627644612,asr_cancer_incidence,all,whole,median
S_infant_full,2024,19.410063192378246,asr_cancer_incidence,all,whole,median
S_infant_full,2025,19.583328990367555,asr_cancer_incidence,all,whole,median
S_infant_full,2026,19.48124232923675,asr_cancer_incidence,all,whole,median
S_infant_full,2027,19.72195877908857,asr_cancer_incidence,all,whole,median
S_infant_full,2028,19.182192309770613,asr_cancer_incidence,all,whole,median
S_infant_full,2029,18.643545742034135,asr_cancer_incidence,all,whole,median
S_infant_full,2030,18.645773495728136,asr_cancer_incidence,all,whole,median
S_infant_full,2031,18.010973837681036,asr_cancer_incidence,all,whole,median
S_infant_full,2032,17.985972777402566,asr_cancer_incidence,all,whole,median
S_infant_full,2033,17.847159515328798,asr_cancer_incidence,all,whole,median
S_infant_full,2034,17.5946620694859,asr_cancer_incidence,all,whole,median
S_infant_full,2035,17.502605308607627,asr_cancer_incidence,all,whole,median
S_infant_full,2036,17.243448098151703,asr_cancer_incidence,all,whole,median
S_infant_full,2037,16.839645099966425,asr_cancer_incidence,all,whole,median
S_infant_full,2038,17.192561083772993,asr_cancer_incidence,all,whole,median
S_infant_full,2039,16.445712442013825,asr_cancer_incidence,all,whole,median
S_infant_full,2040,15.923912923956212,asr_cancer_incidence,all,whole,median
S_infant_full,2041,16.161059720733483,asr_cancer_incidence,all,whole,median
S_infant_full,2042,15.589375235809271,asr_cancer_incidence,all,whole,median
S_infant_full,2043,15.130479340734219,asr_cancer_incidence,all,whole,median
S_infant_full,2044,14.945734328732419,asr_cancer_incidence,all,whole,median
S_infant_full,2045,14.433793902571509,asr_cancer_incidence,all,whole,median
S_infant_full,2046,14.078118655291265,asr_cancer_incidence,all,whole,median
S_infant_full,2047,13.979458558713123,asr_cancer_incidence,all,whole,median
S_infant_full,2048,13.326964016694586,asr_cancer_incidence,all,whole,median
S_infant_full,2049,13.171809858536975,asr_cancer_incidence,all,whole,median
S_infant_full,2050,12.52932150607856,asr_cancer_incidence,all,whole,median
S_infant_full,2051,12.366412285104616,asr_cancer_incidence,all,whole,median
S_infant_full,2052,11.811050453077705,asr_cancer_incidence,all,whole,median
S_infant_full,2053,11.403995676635798,asr_cancer_incidence,all,whole,median
S_infant_full,2054,11.10607054669872,asr_cancer_incidence,all,whole,median
S_infant_full,2055,10.90519652102278,asr_cancer_incidence,all,whole,median
S_infant_full,2056,10.162048638434083,asr_cancer_incidence,all,whole,median
S_infant_full,2057,10.080993287891374,asr_cancer_incidence,all,whole,median
S_infant_full,2058,9.56423590229359,asr_cancer_incidence,all,whole,median
S_infant_full,2059,9.115079442696196,asr_cancer_incidence,all,whole,median
S_infant_full,2060,8.65407686883066,asr_cancer_incidence,all,whole,median
S_infant_full,2061,8.302774370201135,asr_cancer_incidence,all,whole,median
S_infant_full,2062,8.212068474759171,asr_cancer_incidence,all,whole,median
S_infant_full,2063,7.973219712660642,asr_cancer_incidence,all,whole,median
S_infant_full,2064,7.642845098520167,asr_cancer_incidence,all,whole,median
S_infant_full,2065,7.408760025296341,asr_cancer_incidence,all,whole,median
S_infant_full,2066,6.989309501330944,asr_cancer_incidence,all,whole,median
S_infant_full,2067,6.755358660562045,asr_cancer_incidence,all,whole,median
S_infant_full,2068,6.722818867922387,asr_cancer_incidence,all,whole,median
S_infant_full,2069,6.414633312306442,asr_cancer_incidence,all,whole,median
S_infant_full,2070,6.312781803189605,asr_cancer_incidence,all,whole,median
S_infant_full,2071,5.792629672397864,asr_cancer_incidence,all,whole,median
S_infant_full,2072,5.73984617579675,asr_cancer_incidence,all,whole,median
S_infant_full,2073,5.590610448429336,asr_cancer_incidence,all,whole,median
S_infant_full,2074,5.282534582664825,asr_cancer_incidence,all,whole,median
S_infant_full,2075,5.178764499785709,asr_cancer_incidence,all,whole,median
S_infant_full,2076,5.0185287347959715,asr_cancer_incidence,all,whole,median
S_infant_full,2077,4.63156517322203,asr_cancer_incidence,all,whole,median
S_infant_full,2078,4.834252694846325,asr_cancer_incidence,all,whole,median
S_infant_full,2079,4.544988226037118,asr_cancer_incidence,all,whole,median
S_infant_full,2080,4.524350061141531,asr_cancer_incidence,all,whole,median
S_infant_full,2081,4.588916450769007,asr_cancer_incidence,all,whole,median
S_infant_full,2082,4.356714503220313,asr_cancer_incidence,all,whole,median
S_infant_full,2083,4.293848365813418,asr_cancer_incidence,all,whole,median
S_infant_full,2084,4.207054910262076,asr_cancer_incidence,all,whole,median
S_infant_full,2085,4.313649091472737,asr_cancer_incidence,all,whole,median
S_infant_full,2086,4.091826552074618,asr_cancer_incidence,all,whole,median
S_infant_full,2087,4.287730885259485,asr_cancer_incidence,all,whole,median
S_infant_full,2088,4.027768393010073,asr_cancer_incidence,all,whole,median
S_infant_full,2089,4.174192667962597,asr_cancer_incidence,all,whole,median
S_infant_full,2090,4.1640365201340614,asr_cancer_incidence,all,whole,median
S_infant_full,2091,3.9856053879945277,asr_cancer_incidence,all,whole,median
S_infant_full,2092,4.066591919247656,asr_cancer_incidence,all,whole,median
S_infant_full,2093,3.936718977850889,asr_cancer_incidence,all,whole,median
S_infant_full,2094,3.96139150749349,asr_cancer_incidence,all,whole,median
S_infant_full,2095,3.8707709322258204,asr_cancer_incidence,all,whole,median
S_infant_full,2096,4.082261175256771,asr_cancer_incidence,all,whole,median
S_infant_full,2097,4.155371650425717,asr_cancer_incidence,all,whole,median
S_infant_full,2098,4.203208291069696,asr_cancer_incidence,all,whole,median
S_infant_full,2099,4.168467203356455,asr_cancer_incidence,all,whole,median
S_infant_full,2100,4.158861892311759,asr_cancer_incidence,all,whole,median
S_sq,2020,19.19282803544018,asr_cancer_incidence,all,whole,median
S_sq,2021,19.059534478131713,asr_cancer_incidence,all,whole,median
S_sq,2022,19.06973288538334,asr_cancer_incidence,all,whole,median
S_sq,2023,19.059392001594503,asr_cancer_incidence,all,whole,median
S_sq,2024,19.60301703969794,asr_cancer_incidence,all,whole,median
S_sq,2025,19.65997878495768,asr_cancer_incidence,all,whole,median
S_sq,2026,19.773516385629094,asr_cancer_incidence,all,whole,median
S_sq,2027,20.260661077066217,asr_cancer_incidence,all,whole,median
S_sq,2028,19.948491396734845,asr_cancer_incidence,all,whole,median
S_sq,2029,19.65880029361128,asr_cancer_incidence,all,whole,median
S_sq,2030,19.73833615538571,asr_cancer_incidence,all,whole,median
S_sq,2031,19.579038810993907,asr_cancer_incidence,all,whole,median
S_sq,2032,19.512817712836565,asr_cancer_incidence,all,whole,median
S_sq,2033,20.0187634238382,asr_cancer_incidence,all,whole,median
S_sq,2034,19.787553977073614,asr_cancer_incidence,all,whole,median
S_sq,2035,19.61094044430616,asr_cancer_incidence,all,whole,median
S_sq,2036,19.62249450289979,asr_cancer_incidence,all,whole,median
S_sq,2037,20.053141673045026,asr_cancer_incidence,all,whole,median
S_sq,2038,19.749735753331585,asr_cancer_incidence,all,whole,median
S_sq,2039,19.565277785592553,asr_cancer_incidence,all,whole,median
S_sq,2040,19.471792266328247,asr_cancer_incidence,all,whole,median
S_sq,2041,18.93265343667198,asr_cancer_incidence,all,whole,median
S_sq,2042,19.289046493824586,asr_cancer_incidence,all,whole,median
S_sq,2043,18.93926163467021,asr_cancer_incidence,all,whole,median
S_sq,2044,18.905585147635243,asr_cancer_incidence,all,whole,median
S_sq,2045,18.85750643384133,asr_cancer_incidence,all,whole,median
S_sq,2046,18.212882052580134,asr_cancer_incidence,all,whole,median
S_sq,2047,18.258696007804453,asr_cancer_incidence,all,whole,median
S_sq,2048,18.027066816952342,asr_cancer_incidence,all,whole,median
S_sq,2049,17.586136899850914,asr_cancer_incidence,all,whole,median
S_sq,2050,17.252074382912795,asr_cancer_incidence,all,whole,median
S_sq,2051,16.91855469398412,asr_cancer_incidence,all,whole,median
S_sq,2052,16.75246953380514,asr_cancer_incidence,all,whole,median
S_sq,2053,16.434996311878194,asr_cancer_incidence,all,whole,median
S_sq,2054,15.765704765092437,asr_cancer_incidence,all,whole,median
S_sq,2055,15.510353943639746,asr_cancer_incidence,all,whole,median
S_sq,2056,14.649567671472287,asr_cancer_incidence,all,whole,median
S_sq,2057,14.834183945932416,asr_cancer_incidence,all,whole,median
S_sq,2058,14.201619825754442,asr_cancer_incidence,all,whole,median
S_sq,2059,13.77762878450196,asr_cancer_incidence,all,whole,median
S_sq,2060,13.328359442889004,asr_cancer_incidence,all,whole,median
S_sq,2061,13.09432626185113,asr_cancer_incidence,all,whole,median
S_sq,2062,13.087776435422146,asr_cancer_incidence,all,whole,median
S_sq,2063,12.31391410096542,asr_cancer_incidence,all,whole,median
S_sq,2064,12.244878307104234,asr_cancer_incidence,all,whole,median
S_sq,2065,11.77195179202868,asr_cancer_incidence,all,whole,median
S_sq,2066,11.566337564112604,asr_cancer_incidence,all,whole,median
S_sq,2067,11.282314060884076,asr_cancer_incidence,all,whole,median
S_sq,2068,10.950388745362776,asr_cancer_incidence,all,whole,median
S_sq,2069,10.838235312773763,asr_cancer_incidence,all,whole,median
S_sq,2070,10.451523075425197,asr_cancer_incidence,all,whole,median
S_sq,2071,10.06127167064523,asr_cancer_incidence,all,whole,median
S_sq,2072,10.09217167980482,asr_cancer_incidence,all,whole,median
S_sq,2073,9.450808471903368,asr_cancer_incidence,all,whole,median
S_sq,2074,9.568407017366477,asr_cancer_incidence,all,whole,median
S_sq,2075,9.172855994707424,asr_cancer_incidence,all,whole,median
S_sq,2076,8.953166463009545,asr_cancer_incidence,all,whole,median
S_sq,2077,8.830808751949313,asr_cancer_incidence,all,whole,median
S_sq,2078,8.744992956904188,asr_cancer_incidence,all,whole,median
S_sq,2079,8.52287448502579,asr_cancer_incidence,all,whole,median
S_sq,2080,8.180609701546652,asr_cancer_incidence,all,whole,median
S_sq,2081,8.47694353752399,asr_cancer_incidence,all,whole,median
S_sq,2082,8.358494576624013,asr_cancer_incidence,all,whole,median
S_sq,2083,7.980559857183792,asr_cancer_incidence,all,whole,median
S_sq,2084,8.14295433357502,asr_cancer_incidence,all,whole,median
S_sq,2085,7.786620788167923,asr_cancer_incidence,all,whole,median
S_sq,2086,8.164783375784953,asr_cancer_incidence,all,whole,median
S_sq,2087,7.648359274349052,asr_cancer_incidence,all,whole,median
S_sq,2088,7.858469515709937,asr_cancer_incidence,all,whole,median
S_sq,2089,7.881672804317182,asr_cancer_incidence,all,whole,median
S_sq,2090,7.89593571503164,asr_cancer_incidence,all,whole,median
S_sq,2091,7.889909636601367,asr_cancer_incidence,all,whole,median
S_sq,2092,7.725654192418046,asr_cancer_incidence,all,whole,median
S_sq,2093,7.899766868370595,asr_cancer_incidence,all,whole,median
S_sq,2094,7.89592026705381,asr_cancer_incidence,all,whole,median
S_sq,2095,7.87818508950722,asr_cancer_incidence,all,whole,median
S_sq,2096,7.857880771555905,asr_cancer_incidence,all,whole,median
S_sq,2097,7.682816936150742,asr_cancer_incidence,all,whole,median
S_sq,2098,8.033246862421048,asr_cancer_incidence,all,whole,median
S_sq,2099,7.896688572966055,asr_cancer_incidence,all,whole,median
S_sq,2100,7.776527642223187,asr_cancer_incidence,all,whole,median
S_sq_screenup_or5,2020,19.204383926995646,asr_cancer_incidence,all,whole,median
S_sq_screenup_or5,2021,19.036829371196326,asr_cancer_incidence,all,whole,median
S_sq_screenup_or5,2022,19.204057280129412,asr_cancer_incidence,all,whole,median
S_sq_screenup_or5,2023,19.008639627644612,asr_cancer_incidence,all,whole,median
S_sq_screenup_or5,2024,19.41940056403064,asr_cancer_incidence,all,whole,median
S_sq_screenup_or5,2025,19.585830324137795,asr_cancer_incidence,all,whole,median
S_sq_screenup_or5,2026,19.438506555129482,asr_cancer_incidence,all,whole,median
S_sq_screenup_or5,2027,19.623002637195135,asr_cancer_incidence,all,whole,median
S_sq_screenup_or5,2028,19.070934925084806,asr_cancer_incidence,all,whole,median
S_sq_screenup_or5,2029,18.917201686228395,asr_cancer_incidence,all,whole,median
S_sq_screenup_or5,2030,18.615169455622578,asr_cancer_incidence,all,whole,median
S_sq_screenup_or5,2031,18.04060771036174,asr_cancer_incidence,all,whole,median
S_sq_screenup_or5,2032,18.300035881695017,asr_cancer_incidence,all,whole,median
S_sq_screenup_or5,2033,17.87834821355264,asr_cancer_incidence,all,whole,median
S_sq_screenup_or5,2034,17.480503849764965,asr_cancer_incidence,all,whole,median
S_sq_screenup_or5,2035,17.585811326893207,asr_cancer_incidence,all,whole,median
S_sq_screenup_or5,2036,17.081910245955534,asr_cancer_incidence,all,whole,median
S_sq_screenup_or5,2037,16.984136163671298,asr_cancer_incidence,all,whole,median
S_sq_screenup_or5,2038,16.93344249623243,asr_cancer_incidence,all,whole,median
S_sq_screenup_or5,2039,16.455249322845212,asr_cancer_incidence,all,whole,median
S_sq_screenup_or5,2040,16.325102365761722,asr_cancer_incidence,all,whole,median
S_sq_screenup_or5,2041,15.915480834281773,asr_cancer_incidence,all,whole,median
S_sq_screenup_or5,2042,15.55981568106341,asr_cancer_incidence,all,whole,median
S_sq_screenup_or5,2043,15.483647195627796,asr_cancer_incidence,all,whole,median
S_sq_screenup_or5,2044,15.051334694998282,asr_cancer_incidence,all,whole,median
S_sq_screenup_or5,2045,14.871475145730626,asr_cancer_incidence,all,whole,median
S_sq_screenup_or5,2046,14.15471600416167,asr_cancer_incidence,all,whole,median
S_sq_screenup_or5,2047,14.073449237490907,asr_cancer_incidence,all,whole,median
S_sq_screenup_or5,2048,13.607643065991562,asr_cancer_incidence,all,whole,median
S_sq_screenup_or5,2049,13.246254905987216,asr_cancer_incidence,all,whole,median
S_sq_screenup_or5,2050,12.979218621654994,asr_cancer_incidence,all,whole,median
S_sq_screenup_or5,2051,12.52103870450351,asr_cancer_incidence,all,whole,median
S_sq_screenup_or5,2052,12.300972416116332,asr_cancer_incidence,all,whole,median
S_sq_screenup_or5,2053,12.004535518957207,asr_cancer_incidence,all,whole,median
S_sq_screenup_or5,2054,11.702970581797974,asr_cancer_incidence,all,whole,median
S_sq_screenup_or5,2055,11.151336408294753,asr_cancer_incidence,all,whole,median
S_sq_screenup_or5,2056,10.828373787088752,asr_cancer_incidence,all,whole,median
S_sq_screenup_or5,2057,10.82268559321626,asr_cancer_incidence,all,whole,median
S_sq_screenup_or5,2058,10.34124211567959,asr_cancer_incidence,all,whole,median
S_sq_screenup_or5,2059,10.050107802411988,asr_cancer_incidence,all,whole,median
S_sq_screenup_or5,2060,9.660333047495639,asr_cancer_incidence,all,whole,median
S_sq_screenup_or5,2061,9.450737886518228,asr_cancer_incidence,all,whole,median
S_sq_screenup_or5,2062,9.234170481545394,asr_cancer_incidence,all,whole,median
S_sq_screenup_or5,2063,8.997850462824552,asr_cancer_incidence,all,whole,median
S_sq_screenup_or5,2064,8.557492000100762,asr_cancer_incidence,all,whole,median
S_sq_screenup_or5,2065,8.278176728495982,asr_cancer_incidence,all,whole,median
S_sq_screenup_or5,2066,7.890342975732361,asr_cancer_incidence,all,whole,median
S_sq_screenup_or5,2067,7.777797469527576,asr_cancer_incidence,all,whole,median
S_sq_screenup_or5,2068,7.728627333347184,asr_cancer_incidence,all,whole,median
S_sq_screenup_or5,2069,7.435227490667701,asr_cancer_incidence,all,whole,median
S_sq_screenup_or5,2070,7.19860468700092,asr_cancer_incidence,all,whole,median
S_sq_screenup_or5,2071,7.08353245103157,asr_cancer_incidence,all,whole,median
S_sq_screenup_or5,2072,6.89396716419425,asr_cancer_incidence,all,whole,median
S_sq_screenup_or5,2073,6.677800035596703,asr_cancer_incidence,all,whole,median
S_sq_screenup_or5,2074,6.654401679653377,asr_cancer_incidence,all,whole,median
S_sq_screenup_or5,2075,6.265128725126184,asr_cancer_incidence,all,whole,median
S_sq_screenup_or5,2076,6.15401727460644,asr_cancer_incidence,all,whole,median
S_sq_screenup_or5,2077,6.191035477125253,asr_cancer_incidence,all,whole,median
S_sq_screenup_or5,2078,5.911072416110746,asr_cancer_incidence,all,whole,median
S_sq_screenup_or5,2079,6.096735957373387,asr_cancer_incidence,all,whole,median
S_sq_screenup_or5,2080,5.976826882170381,asr_cancer_incidence,all,whole,median
S_sq_screenup_or5,2081,5.800331309145433,asr_cancer_incidence,all,whole,median
S_sq_screenup_or5,2082,5.6005905385163635,asr_cancer_incidence,all,whole,median
S_sq_screenup_or5,2083,5.608933439355026,asr_cancer_incidence,all,whole,median
S_sq_screenup_or5,2084,5.61970351817908,asr_cancer_incidence,all,whole,median
S_sq_screenup_or5,2085,5.5250739518799,asr_cancer_incidence,all,whole,median
S_sq_screenup_or5,2086,5.673419373415864,asr_cancer_incidence,all,whole,median
S_sq_screenup_or5,2087,5.462840940351549,asr_cancer_incidence,all,whole,median
S_sq_screenup_or5,2088,5.480823291559698,asr_cancer_incidence,all,whole,median
S_sq_screenup_or5,2089,5.522796861146301,asr_cancer_incidence,all,whole,median
S_sq_screenup_or5,2090,5.33759007488009,asr_cancer_incidence,all,whole,median
S_sq_screenup_or5,2091,5.545520580425709,asr_cancer_incidence,all,whole,median
S_sq_screenup_or5,2092,5.40270017058795,asr_cancer_incidence,all,whole,median
S_sq_screenup_or5,2093,5.395042422280294,asr_cancer_incidence,all,whole,median
S_sq_screenup_or5,2094,5.329717362076519,asr_cancer_incidence,all,whole,median
S_sq_screenup_or5,2095,5.394151988418407,asr_cancer_incidence,all,whole,median
S_sq_screenup_or5,2096,5.344128203255014,asr_cancer_incidence,all,whole,median
S_sq_screenup_or5,2097,5.300618836028956,asr_cancer_incidence,all,whole,median
S_sq_screenup_or5,2098,5.556941545243849,asr_cancer_incidence,all,whole,median
S_sq_screenup_or5,2099,5.513126816049651,asr_cancer_incidence,all,whole,median
S_sq_screenup_or5,2100,5.512951477860462,asr_cancer_incidence,all,whole,median
S_who_or5,2020,19.204383926995646,asr_cancer_incidence,all,whole,median
S_who_or5,2021,19.036829371196326,asr_cancer_incidence,all,whole,median
S_who_or5,2022,19.204057280129412,asr_cancer_incidence,all,whole,median
S_who_or5,2023,19.008639627644612,asr_cancer_incidence,all,whole,median
S_who_or5,2024,19.417368930258725,asr_cancer_incidence,all,whole,median
S_who_or5,2025,19.63034125266552,asr_cancer_incidence,all,whole,median
S_who_or5,2026,19.48010913274848,asr_cancer_incidence,all,whole,median
S_who_or5,2027,19.75915898504477,asr_cancer_incidence,all,whole,median
S_who_or5,2028,18.932414749899984,asr_cancer_incidence,all,whole,median
S_who_or5,2029,18.5998145888102,asr_cancer_incidence,all,whole,median
S_who_or5,2030,18.676435514673248,asr_cancer_incidence,all,whole,median
S_who_or5,2031,18.081001829727054,asr_cancer_incidence,all,whole,median
S_who_or5,2032,18.010599976961153,asr_cancer_incidence,all,whole,median
S_who_or5,2033,17.955802831041783,asr_cancer_incidence,all,whole,median
S_who_or5,2034,17.443361826373607,asr_cancer_incidence,all,whole,median
S_who_or5,2035,17.24659175508251,asr_cancer_incidence,all,whole,median
S_who_or5,2036,17.08274689414886,asr_cancer_incidence,all,whole,median
S_who_or5,2037,17.199410544825582,asr_cancer_incidence,all,whole,median
S_who_or5,2038,16.84638401592369,asr_cancer_incidence,all,whole,median
S_who_or5,2039,16.436325498945124,asr_cancer_incidence,all,whole,median
S_who_or5,2040,16.30535918017588,asr_cancer_incidence,all,whole,median
S_who_or5,2041,15.809251032134572,asr_cancer_incidence,all,whole,median
S_who_or5,2042,15.374199683975153,asr_cancer_incidence,all,whole,median
S_who_or5,2043,15.028142118075488,asr_cancer_incidence,all,whole,median
S_who_or5,2044,14.899050252921757,asr_cancer_incidence,all,whole,median
S_who_or5,2045,14.329850736582966,asr_cancer_incidence,all,whole,median
S_who_or5,2046,13.795037127952927,asr_cancer_incidence,all,whole,median
S_who_or5,2047,13.39826523450952,asr_cancer_incidence,all,whole,median
S_who_or5,2048,13.003776314030924,asr_cancer_incidence,all,whole,median
S_who_or5,2049,12.539270733770547,asr_cancer_incidence,all,whole,median
S_who_or5,2050,12.285134984211155,asr_cancer_incidence,all,whole,median
S_who_or5,2051,11.828478634700998,asr_cancer_incidence,all,whole,median
S_who_or5,2052,11.11009689114051,asr_cancer_incidence,all,whole,median
S_who_or5,2053,10.963139045582484,asr_cancer_incidence,all,whole,median
S_who_or5,2054,10.612462377021446,asr_cancer_incidence,all,whole,median
S_who_or5,2055,10.408777109150638,asr_cancer_incidence,all,whole,median
S_who_or5,2056,10.068052660144104,asr_cancer_incidence,all,whole,median
S_who_or5,2057,9.390816983843084,asr_cancer_incidence,all,whole,median
S_who_or5,2058,9.057538829069426,asr_cancer_incidence,all,whole,median
S_who_or5,2059,8.481564064818755,asr_cancer_incidence,all,whole,median
S_who_or5,2060,8.252529753346217,asr_cancer_incidence,all,whole,median
S_who_or5,2061,8.216743288664318,asr_cancer_incidence,all,whole,median
S_who_or5,2062,7.723170556226467,asr_cancer_incidence,all,whole,median
S_who_or5,2063,7.428777753932862,asr_cancer_incidence,all,whole,median
S_who_or5,2064,7.073704715091395,asr_cancer_incidence,all,whole,median
S_who_or5,2065,7.155280386837244,asr_cancer_incidence,all,whole,median
S_who_or5,2066,6.669172492199051,asr_cancer_incidence,all,whole,median
S_who_or5,2067,6.385404624166744,asr_cancer_incidence,all,whole,median
S_who_or5,2068,6.20311016927554,asr_cancer_incidence,all,whole,median
S_who_or5,2069,5.928433101208186,asr_cancer_incidence,all,whole,median
S_who_or5,2070,5.91433060826308,asr_cancer_incidence,all,whole,median
S_who_or5,2071,5.487227746029733,asr_cancer_incidence,all,whole,median
S_who_or5,2072,5.3863205460500865,asr_cancer_incidence,all,whole,median
S_who_or5,2073,5.329888915607421,asr_cancer_incidence,all,whole,median
S_who_or5,2074,5.136048454574668,asr_cancer_incidence,all,whole,median
S_who_or5,2075,4.731120276355439,asr_cancer_incidence,all,whole,median
S_who_or5,2076,4.736759362884833,asr_cancer_incidence,all,whole,median
S_who_or5,2077,4.47029313686679,asr_cancer_incidence,all,whole,median
S_who_or5,2078,4.57258145149849,asr_cancer_incidence,all,whole,median
S_who_or5,2079,4.280472339110387,asr_cancer_incidence,all,whole,median
S_who_or5,2080,4.2443493297808015,asr_cancer_incidence,all,whole,median
S_who_or5,2081,4.24048240712216,asr_cancer_incidence,all,whole,median
S_who_or5,2082,4.056235682040548,asr_cancer_incidence,all,whole,median
S_who_or5,2083,4.095262873671603,asr_cancer_incidence,all,whole,median
S_who_or5,2084,4.013935163835498,asr_cancer_incidence,all,whole,median
S_who_or5,2085,4.057613136552669,asr_cancer_incidence,all,whole,median
S_who_or5,2086,3.9188591124825107,asr_cancer_incidence,all,whole,median
S_who_or5,2087,3.974474661546343,asr_cancer_incidence,all,whole,median
S_who_or5,2088,3.926230014399299,asr_cancer_incidence,all,whole,median
S_who_or5,2089,3.8485277172936767,asr_cancer_incidence,all,whole,median
S_who_or5,2090,3.713723651459351,asr_cancer_incidence,all,whole,median
S_who_or5,2091,3.8599982508073944,asr_cancer_incidence,all,whole,median
S_who_or5,2092,3.675390788166122,asr_cancer_incidence,all,whole,median
S_who_or5,2093,3.7958927862685807,asr_cancer_incidence,all,whole,median
S_who_or5,2094,3.8072583623303116,asr_cancer_incidence,all,whole,median
S_who_or5,2095,3.8516944025485103,asr_cancer_incidence,all,whole,median
S_who_or5,2096,3.628325667417359,asr_cancer_incidence,all,whole,median
S_who_or5,2097,3.8694186117297593,asr_cancer_incidence,all,whole,median
S_who_or5,2098,3.9597798249009735,asr_cancer_incidence,all,whole,median
S_who_or5,2099,4.028789857460618,asr_cancer_incidence,all,whole,median
S_who_or5,2100,4.136783354582709,asr_cancer_incidence,all,whole,median
S_infant_eff50,2020,18.426951683526074,asr_cancer_incidence,all,whole,q25
S_infant_eff50,2021,17.820087082885607,asr_cancer_incidence,all,whole,q25
S_infant_eff50,2022,18.11622546881528,asr_cancer_incidence,all,whole,q25
S_infant_eff50,2023,18.29082319594881,asr_cancer_incidence,all,whole,q25
S_infant_eff50,2024,18.09306447265739,asr_cancer_incidence,all,whole,q25
S_infant_eff50,2025,18.173605573987977,asr_cancer_incidence,all,whole,q25
S_infant_eff50,2026,18.055042835229287,asr_cancer_incidence,all,whole,q25
S_infant_eff50,2027,18.21495914052521,asr_cancer_incidence,all,whole,q25
S_infant_eff50,2028,17.871768138081627,asr_cancer_incidence,all,whole,q25
S_infant_eff50,2029,17.52841625178718,asr_cancer_incidence,all,whole,q25
S_infant_eff50,2030,17.107389662459106,asr_cancer_incidence,all,whole,q25
S_infant_eff50,2031,16.731298559275693,asr_cancer_incidence,all,whole,q25
S_infant_eff50,2032,16.870464065299224,asr_cancer_incidence,all,whole,q25
S_infant_eff50,2033,16.444001346254105,asr_cancer_incidence,all,whole,q25
S_infant_eff50,2034,16.301700074277917,asr_cancer_incidence,all,whole,q25
S_infant_eff50,2035,16.221649347392933,asr_cancer_incidence,all,whole,q25
S_infant_eff50,2036,16.10913065420836,asr_cancer_incidence,all,whole,q25
S_infant_eff50,2037,16.023242415275018,asr_cancer_incidence,all,whole,q25
S_infant_eff50,2038,15.127744541001341,asr_cancer_incidence,all,whole,q25
S_infant_eff50,2039,15.746956706066806,asr_cancer_incidence,all,whole,q25
S_infant_eff50,2040,14.926563070095964,asr_cancer_incidence,all,whole,q25
S_infant_eff50,2041,15.024576136419784,asr_cancer_incidence,all,whole,q25
S_infant_eff50,2042,14.865849610345276,asr_cancer_incidence,all,whole,q25
S_infant_eff50,2043,14.520636936727644,asr_cancer_incidence,all,whole,q25
S_infant_eff50,2044,14.071084999340403,asr_cancer_incidence,all,whole,q25
S_infant_eff50,2045,13.929020479859288,asr_cancer_incidence,all,whole,q25
S_infant_eff50,2046,13.368031761265225,asr_cancer_incidence,all,whole,q25
S_infant_eff50,2047,12.79054088240257,asr_cancer_incidence,all,whole,q25
S_infant_eff50,2048,12.914608676028001,asr_cancer_incidence,all,whole,q25
S_infant_eff50,2049,12.626834416997045,asr_cancer_incidence,all,whole,q25
S_infant_eff50,2050,12.188574049379872,asr_cancer_incidence,all,whole,q25
S_infant_eff50,2051,11.94961893218483,asr_cancer_incidence,all,whole,q25
S_infant_eff50,2052,11.504897529054041,asr_cancer_incidence,all,whole,q25
S_infant_eff50,2053,10.877794310427042,asr_cancer_incidence,all,whole,q25
S_infant_eff50,2054,10.667140515861819,asr_cancer_incidence,all,whole,q25
S_infant_eff50,2055,10.564780839676402,asr_cancer_incidence,all,whole,q25
S_infant_eff50,2056,10.024901197595923,asr_cancer_incidence,all,whole,q25
S_infant_eff50,2057,10.057989115055335,asr_cancer_incidence,all,whole,q25
S_infant_eff50,2058,9.454798720236589,asr_cancer_incidence,all,whole,q25
S_infant_eff50,2059,9.197129815272874,asr_cancer_incidence,all,whole,q25
S_infant_eff50,2060,8.73026103468483,asr_cancer_incidence,all,whole,q25
S_infant_eff50,2061,8.290104033493002,asr_cancer_incidence,all,whole,q25
S_infant_eff50,2062,7.883460148006746,asr_cancer_incidence,all,whole,q25
S_infant_eff50,2063,7.723445584952696,asr_cancer_incidence,all,whole,q25
S_infant_eff50,2064,7.65738493478567,asr_cancer_incidence,all,whole,q25
S_infant_eff50,2065,7.493494185541834,asr_cancer_incidence,all,whole,q25
S_infant_eff50,2066,7.118454483146326,asr_cancer_incidence,all,whole,q25
S_infant_eff50,2067,6.770379705378787,asr_cancer_incidence,all,whole,q25
S_infant_eff50,2068,6.5556541719650285,asr_cancer_incidence,all,whole,q25
S_infant_eff50,2069,6.512186175237291,asr_cancer_incidence,all,whole,q25
S_infant_eff50,2070,6.137719926067106,asr_cancer_incidence,all,whole,q25
S_infant_eff50,2071,5.94939230608803,asr_cancer_incidence,all,whole,q25
S_infant_eff50,2072,5.78150931578011,asr_cancer_incidence,all,whole,q25
S_infant_eff50,2073,5.6968130842140585,asr_cancer_incidence,all,whole,q25
S_infant_eff50,2074,5.743078662735073,asr_cancer_incidence,all,whole,q25
S_infant_eff50,2075,5.375374924514784,asr_cancer_incidence,all,whole,q25
S_infant_eff50,2076,5.02665991903238,asr_cancer_incidence,all,whole,q25
S_infant_eff50,2077,5.039611374689332,asr_cancer_incidence,all,whole,q25
S_infant_eff50,2078,5.210907478836773,asr_cancer_incidence,all,whole,q25
S_infant_eff50,2079,4.5952501291661605,asr_cancer_incidence,all,whole,q25
S_infant_eff50,2080,4.936824479652767,asr_cancer_incidence,all,whole,q25
S_infant_eff50,2081,4.546786603053183,asr_cancer_incidence,all,whole,q25
S_infant_eff50,2082,4.467731071906664,asr_cancer_incidence,all,whole,q25
S_infant_eff50,2083,4.22943954147819,asr_cancer_incidence,all,whole,q25
S_infant_eff50,2084,4.13486590918771,asr_cancer_incidence,all,whole,q25
S_infant_eff50,2085,4.187423524252507,asr_cancer_incidence,all,whole,q25
S_infant_eff50,2086,4.170908378894483,asr_cancer_incidence,all,whole,q25
S_infant_eff50,2087,4.083440740967614,asr_cancer_incidence,all,whole,q25
S_infant_eff50,2088,4.032825755289025,asr_cancer_incidence,all,whole,q25
S_infant_eff50,2089,3.986137463846612,asr_cancer_incidence,all,whole,q25
S_infant_eff50,2090,3.9876344615613397,asr_cancer_incidence,all,whole,q25
S_infant_eff50,2091,3.848299207185276,asr_cancer_incidence,all,whole,q25
S_infant_eff50,2092,3.809528987171507,asr_cancer_incidence,all,whole,q25
S_infant_eff50,2093,3.9411832296055436,asr_cancer_incidence,all,whole,q25
S_infant_eff50,2094,3.9358005093722066,asr_cancer_incidence,all,whole,q25
S_infant_eff50,2095,3.6434431797270697,asr_cancer_incidence,all,whole,q25
S_infant_eff50,2096,3.8019109502915014,asr_cancer_incidence,all,whole,q25
S_infant_eff50,2097,3.7492520364724573,asr_cancer_incidence,all,whole,q25
S_infant_eff50,2098,3.7557146211518724,asr_cancer_incidence,all,whole,q25
S_infant_eff50,2099,3.9005529339176803,asr_cancer_incidence,all,whole,q25
S_infant_eff50,2100,3.4935353200076484,asr_cancer_incidence,all,whole,q25
S_infant_full,2020,18.426951683526074,asr_cancer_incidence,all,whole,q25
S_infant_full,2021,17.820087082885607,asr_cancer_incidence,all,whole,q25
S_infant_full,2022,18.11622546881528,asr_cancer_incidence,all,whole,q25
S_infant_full,2023,18.290812572282356,asr_cancer_incidence,all,whole,q25
S_infant_full,2024,18.093056666913796,asr_cancer_incidence,all,whole,q25
S_infant_full,2025,18.267666296192736,asr_cancer_incidence,all,whole,q25
S_infant_full,2026,18.046253265156363,asr_cancer_incidence,all,whole,q25
S_infant_full,2027,18.294406220062637,asr_cancer_incidence,all,whole,q25
S_infant_full,2028,17.516499193733633,asr_cancer_incidence,all,whole,q25
S_infant_full,2029,17.613909414963814,asr_cancer_incidence,all,whole,q25
S_infant_full,2030,17.104628987635834,asr_cancer_incidence,all,whole,q25
S_infant_full,2031,16.790791470765374,asr_cancer_incidence,all,whole,q25
S_infant_full,2032,17.19795498970502,asr_cancer_incidence,all,whole,q25
S_infant_full,2033,16.82635597635777,asr_cancer_incidence,all,whole,q25
S_infant_full,2034,16.109428079886317,asr_cancer_incidence,all,whole,q25
S_infant_full,2035,16.204360170112395,asr_cancer_incidence,all,whole,q25
S_infant_full,2036,16.34411384194553,asr_cancer_incidence,all,whole,q25
S_infant_full,2037,15.863482057634256,asr_cancer_incidence,all,whole,q25
S_infant_full,2038,15.533167243710327,asr_cancer_incidence,all,whole,q25
S_infant_full,2039,15.30367817307347,asr_cancer_incidence,all,whole,q25
S_infant_full,2040,15.20329716053968,asr_cancer_incidence,all,whole,q25
S_infant_full,2041,15.10689152905737,asr_cancer_incidence,all,whole,q25
S_infant_full,2042,14.578220228314855,asr_cancer_incidence,all,whole,q25
S_infant_full,2043,14.52227851394748,asr_cancer_incidence,all,whole,q25
S_infant_full,2044,14.178825728246409,asr_cancer_incidence,all,whole,q25
S_infant_full,2045,13.719934514218789,asr_cancer_incidence,all,whole,q25
S_infant_full,2046,13.383334403552691,asr_cancer_incidence,all,whole,q25
S_infant_full,2047,13.182502712405158,asr_cancer_incidence,all,whole,q25
S_infant_full,2048,12.782008141305656,asr_cancer_incidence,all,whole,q25
S_infant_full,2049,12.032539929631309,asr_cancer_incidence,all,whole,q25
S_infant_full,2050,12.070547557782458,asr_cancer_incidence,all,whole,q25
S_infant_full,2051,11.548754006803918,asr_cancer_incidence,all,whole,q25
S_infant_full,2052,11.057166153144696,asr_cancer_incidence,all,whole,q25
S_infant_full,2053,10.714928770974227,asr_cancer_incidence,all,whole,q25
S_infant_full,2054,10.495352359707054,asr_cancer_incidence,all,whole,q25
S_infant_full,2055,10.101121398327226,asr_cancer_incidence,all,whole,q25
S_infant_full,2056,9.668910270177355,asr_cancer_incidence,all,whole,q25
S_infant_full,2057,9.420693414334265,asr_cancer_incidence,all,whole,q25
S_infant_full,2058,8.760546638647646,asr_cancer_incidence,all,whole,q25
S_infant_full,2059,8.30372296334593,asr_cancer_incidence,all,whole,q25
S_infant_full,2060,8.06554296769709,asr_cancer_incidence,all,whole,q25
S_infant_full,2061,7.687842209440587,asr_cancer_incidence,all,whole,q25
S_infant_full,2062,7.56036634711886,asr_cancer_incidence,all,whole,q25
S_infant_full,2063,7.1127096369259375,asr_cancer_incidence,all,whole,q25
S_infant_full,2064,7.283216786657278,asr_cancer_incidence,all,whole,q25
S_infant_full,2065,6.837871072973629,asr_cancer_incidence,all,whole,q25
S_infant_full,2066,6.496383747413913,asr_cancer_incidence,all,whole,q25
S_infant_full,2067,6.253727681836228,asr_cancer_incidence,all,whole,q25
S_infant_full,2068,5.887184228162599,asr_cancer_incidence,all,whole,q25
S_infant_full,2069,5.654516170976262,asr_cancer_incidence,all,whole,q25
S_infant_full,2070,5.559475261963961,asr_cancer_incidence,all,whole,q25
S_infant_full,2071,5.2496144655679435,asr_cancer_incidence,all,whole,q25
S_infant_full,2072,5.248699212921457,asr_cancer_incidence,all,whole,q25
S_infant_full,2073,4.873051907323929,asr_cancer_incidence,all,whole,q25
S_infant_full,2074,4.772014523517624,asr_cancer_incidence,all,whole,q25
S_infant_full,2075,4.532067126731145,asr_cancer_incidence,all,whole,q25
S_infant_full,2076,4.431651301034436,asr_cancer_incidence,all,whole,q25
S_infant_full,2077,4.104977406441911,asr_cancer_incidence,all,whole,q25
S_infant_full,2078,4.228876455130866,asr_cancer_incidence,all,whole,q25
S_infant_full,2079,3.9615763284078573,asr_cancer_incidence,all,whole,q25
S_infant_full,2080,3.822608576788241,asr_cancer_incidence,all,whole,q25
S_infant_full,2081,3.9578441812247167,asr_cancer_incidence,all,whole,q25
S_infant_full,2082,3.6856227415871876,asr_cancer_incidence,all,whole,q25
S_infant_full,2083,3.6240850496522947,asr_cancer_incidence,all,whole,q25
S_infant_full,2084,3.6398535707045094,asr_cancer_incidence,all,whole,q25
S_infant_full,2085,3.470871705120932,asr_cancer_incidence,all,whole,q25
S_infant_full,2086,3.589513497675985,asr_cancer_incidence,all,whole,q25
S_infant_full,2087,3.3414737850940543,asr_cancer_incidence,all,whole,q25
S_infant_full,2088,3.4389694130551116,asr_cancer_incidence,all,whole,q25
S_infant_full,2089,3.337788607983914,asr_cancer_incidence,all,whole,q25
S_infant_full,2090,3.2735427930881142,asr_cancer_incidence,all,whole,q25
S_infant_full,2091,3.362690174191984,asr_cancer_incidence,all,whole,q25
S_infant_full,2092,3.38516361035182,asr_cancer_incidence,all,whole,q25
S_infant_full,2093,3.0680438298787163,asr_cancer_incidence,all,whole,q25
S_infant_full,2094,3.413530841035711,asr_cancer_incidence,all,whole,q25
S_infant_full,2095,3.2438608481322153,asr_cancer_incidence,all,whole,q25
S_infant_full,2096,3.3374195998133227,asr_cancer_incidence,all,whole,q25
S_infant_full,2097,3.0977287995047638,asr_cancer_incidence,all,whole,q25
S_infant_full,2098,3.087500293977833,asr_cancer_incidence,all,whole,q25
S_infant_full,2099,3.349551276711609,asr_cancer_incidence,all,whole,q25
S_infant_full,2100,3.325916410317764,asr_cancer_incidence,all,whole,q25
S_sq,2020,18.441817940959726,asr_cancer_incidence,all,whole,q25
S_sq,2021,17.818941496738717,asr_cancer_incidence,all,whole,q25
S_sq,2022,18.092533260583394,asr_cancer_incidence,all,whole,q25
S_sq,2023,18.21851287394384,asr_cancer_incidence,all,whole,q25
S_sq,2024,17.99776991552184,asr_cancer_incidence,all,whole,q25
S_sq,2025,18.187941501114345,asr_cancer_incidence,all,whole,q25
S_sq,2026,18.14261008435686,asr_cancer_incidence,all,whole,q25
S_sq,2027,18.64156504484596,asr_cancer_incidence,all,whole,q25
S_sq,2028,18.32035908155224,asr_cancer_incidence,all,whole,q25
S_sq,2029,18.69626736445879,asr_cancer_incidence,all,whole,q25
S_sq,2030,18.367704557504258,asr_cancer_incidence,all,whole,q25
S_sq,2031,18.150768787063555,asr_cancer_incidence,all,whole,q25
S_sq,2032,18.769145252490368,asr_cancer_incidence,all,whole,q25
S_sq,2033,18.261716904655493,asr_cancer_incidence,all,whole,q25
S_sq,2034,18.69125812018168,asr_cancer_incidence,all,whole,q25
S_sq,2035,18.213900380186566,asr_cancer_incidence,all,whole,q25
S_sq,2036,18.55999784283416,asr_cancer_incidence,all,whole,q25
S_sq,2037,18.846507679930074,asr_cancer_incidence,all,whole,q25
S_sq,2038,18.35539602409612,asr_cancer_incidence,all,whole,q25
S_sq,2039,18.446073915731724,asr_cancer_incidence,all,whole,q25
S_sq,2040,18.233381068278806,asr_cancer_incidence,all,whole,q25
S_sq,2041,18.036246951611496,asr_cancer_incidence,all,whole,q25
S_sq,2042,18.17205231164926,asr_cancer_incidence,all,whole,q25
S_sq,2043,18.25642462060208,asr_cancer_incidence,all,whole,q25
S_sq,2044,17.739774897643372,asr_cancer_incidence,all,whole,q25
S_sq,2045,17.91230591117944,asr_cancer_incidence,all,whole,q25
S_sq,2046,17.313645749226684,asr_cancer_incidence,all,whole,q25
S_sq,2047,16.824536168136962,asr_cancer_incidence,all,whole,q25
S_sq,2048,17.01292303001564,asr_cancer_incidence,all,whole,q25
S_sq,2049,16.861835906142154,asr_cancer_incidence,all,whole,q25
S_sq,2050,16.234450168139873,asr_cancer_incidence,all,whole,q25
S_sq,2051,15.692868238566563,asr_cancer_incidence,all,whole,q25
S_sq,2052,15.380974102166137,asr_cancer_incidence,all,whole,q25
S_sq,2053,15.057281471792123,asr_cancer_incidence,all,whole,q25
S_sq,2054,14.812503107323987,asr_cancer_incidence,all,whole,q25
S_sq,2055,14.591029934073264,asr_cancer_incidence,all,whole,q25
S_sq,2056,13.755985281108527,asr_cancer_incidence,all,whole,q25
S_sq,2057,13.660098657246943,asr_cancer_incidence,all,whole,q25
S_sq,2058,13.381258730806021,asr_cancer_incidence,all,whole,q25
S_sq,2059,12.92688329214679,asr_cancer_incidence,all,whole,q25
S_sq,2060,12.501011509954058,asr_cancer_incidence,all,whole,q25
S_sq,2061,12.209832003715112,asr_cancer_incidence,all,whole,q25
S_sq,2062,11.912370914668195,asr_cancer_incidence,all,whole,q25
S_sq,2063,11.31126270588412,asr_cancer_incidence,all,whole,q25
S_sq,2064,11.430637730473016,asr_cancer_incidence,all,whole,q25
S_sq,2065,10.97318375856527,asr_cancer_incidence,all,whole,q25
S_sq,2066,10.498287761554623,asr_cancer_incidence,all,whole,q25
S_sq,2067,10.240912684674104,asr_cancer_incidence,all,whole,q25
S_sq,2068,10.071270033460465,asr_cancer_incidence,all,whole,q25
S_sq,2069,9.855469953143196,asr_cancer_incidence,all,whole,q25
S_sq,2070,9.308463642020342,asr_cancer_incidence,all,whole,q25
S_sq,2071,9.131230037652678,asr_cancer_incidence,all,whole,q25
S_sq,2072,8.83750636988405,asr_cancer_incidence,all,whole,q25
S_sq,2073,8.664241800199,asr_cancer_incidence,all,whole,q25
S_sq,2074,8.344142787223902,asr_cancer_incidence,all,whole,q25
S_sq,2075,8.107533006108035,asr_cancer_incidence,all,whole,q25
S_sq,2076,7.927235816950765,asr_cancer_incidence,all,whole,q25
S_sq,2077,7.622321082840761,asr_cancer_incidence,all,whole,q25
S_sq,2078,7.439422431112364,asr_cancer_incidence,all,whole,q25
S_sq,2079,7.730007558667245,asr_cancer_incidence,all,whole,q25
S_sq,2080,7.248325341455681,asr_cancer_incidence,all,whole,q25
S_sq,2081,7.230947184103728,asr_cancer_incidence,all,whole,q25
S_sq,2082,7.179036636287257,asr_cancer_incidence,all,whole,q25
S_sq,2083,6.8668187860293255,asr_cancer_incidence,all,whole,q25
S_sq,2084,6.974239826333523,asr_cancer_incidence,all,whole,q25
S_sq,2085,6.565356190160873,asr_cancer_incidence,all,whole,q25
S_sq,2086,6.406898084432498,asr_cancer_incidence,all,whole,q25
S_sq,2087,6.1395413282705045,asr_cancer_incidence,all,whole,q25
S_sq,2088,6.357766829527709,asr_cancer_incidence,all,whole,q25
S_sq,2089,6.37734476849163,asr_cancer_incidence,all,whole,q25
S_sq,2090,6.151163284347969,asr_cancer_incidence,all,whole,q25
S_sq,2091,6.075154342748276,asr_cancer_incidence,all,whole,q25
S_sq,2092,5.987096054143333,asr_cancer_incidence,all,whole,q25
S_sq,2093,6.338380015195773,asr_cancer_incidence,all,whole,q25
S_sq,2094,6.174388041083381,asr_cancer_incidence,all,whole,q25
S_sq,2095,6.2708099420446475,asr_cancer_incidence,all,whole,q25
S_sq,2096,5.942476955280251,asr_cancer_incidence,all,whole,q25
S_sq,2097,6.103316115422201,asr_cancer_incidence,all,whole,q25
S_sq,2098,6.305366014936959,asr_cancer_incidence,all,whole,q25
S_sq,2099,6.145540601317549,asr_cancer_incidence,all,whole,q25
S_sq,2100,6.103284967309003,asr_cancer_incidence,all,whole,q25
S_sq_screenup_or5,2020,18.426951683526074,asr_cancer_incidence,all,whole,q25
S_sq_screenup_or5,2021,17.820087082885607,asr_cancer_incidence,all,whole,q25
S_sq_screenup_or5,2022,18.11622546881528,asr_cancer_incidence,all,whole,q25
S_sq_screenup_or5,2023,18.29082319594881,asr_cancer_incidence,all,whole,q25
S_sq_screenup_or5,2024,18.092989666263755,asr_cancer_incidence,all,whole,q25
S_sq_screenup_or5,2025,18.176571795199926,asr_cancer_incidence,all,whole,q25
S_sq_screenup_or5,2026,18.033360380923874,asr_cancer_incidence,all,whole,q25
S_sq_screenup_or5,2027,18.2281727851572,asr_cancer_incidence,all,whole,q25
S_sq_screenup_or5,2028,17.884881905118146,asr_cancer_incidence,all,whole,q25
S_sq_screenup_or5,2029,17.525829641613683,asr_cancer_incidence,all,whole,q25
S_sq_screenup_or5,2030,17.01426094328651,asr_cancer_incidence,all,whole,q25
S_sq_screenup_or5,2031,16.67203917255234,asr_cancer_incidence,all,whole,q25
S_sq_screenup_or5,2032,17.065864891926704,asr_cancer_incidence,all,whole,q25
S_sq_screenup_or5,2033,16.73026219132592,asr_cancer_incidence,all,whole,q25
S_sq_screenup_or5,2034,16.337776231238223,asr_cancer_incidence,all,whole,q25
S_sq_screenup_or5,2035,16.278484729732366,asr_cancer_incidence,all,whole,q25
S_sq_screenup_or5,2036,16.1314843079219,asr_cancer_incidence,all,whole,q25
S_sq_screenup_or5,2037,15.775686026302308,asr_cancer_incidence,all,whole,q25
S_sq_screenup_or5,2038,15.585762566844222,asr_cancer_incidence,all,whole,q25
S_sq_screenup_or5,2039,15.433170294949624,asr_cancer_incidence,all,whole,q25
S_sq_screenup_or5,2040,15.335652600417964,asr_cancer_incidence,all,whole,q25
S_sq_screenup_or5,2041,14.972750313662539,asr_cancer_incidence,all,whole,q25
S_sq_screenup_or5,2042,14.605645129104019,asr_cancer_incidence,all,whole,q25
S_sq_screenup_or5,2043,14.741690419452032,asr_cancer_incidence,all,whole,q25
S_sq_screenup_or5,2044,14.172393752522547,asr_cancer_incidence,all,whole,q25
S_sq_screenup_or5,2045,13.75098686666468,asr_cancer_incidence,all,whole,q25
S_sq_screenup_or5,2046,13.400294552294861,asr_cancer_incidence,all,whole,q25
S_sq_screenup_or5,2047,13.360814330640693,asr_cancer_incidence,all,whole,q25
S_sq_screenup_or5,2048,12.877756112854673,asr_cancer_incidence,all,whole,q25
S_sq_screenup_or5,2049,12.275450415661238,asr_cancer_incidence,all,whole,q25
S_sq_screenup_or5,2050,11.941389612456446,asr_cancer_incidence,all,whole,q25
S_sq_screenup_or5,2051,12.018529486393037,asr_cancer_incidence,all,whole,q25
S_sq_screenup_or5,2052,11.574883533144414,asr_cancer_incidence,all,whole,q25
S_sq_screenup_or5,2053,11.015852565764721,asr_cancer_incidence,all,whole,q25
S_sq_screenup_or5,2054,10.851311154111876,asr_cancer_incidence,all,whole,q25
S_sq_screenup_or5,2055,10.559582645749186,asr_cancer_incidence,all,whole,q25
S_sq_screenup_or5,2056,10.007851951044747,asr_cancer_incidence,all,whole,q25
S_sq_screenup_or5,2057,9.832651854550836,asr_cancer_incidence,all,whole,q25
S_sq_screenup_or5,2058,9.436810602967213,asr_cancer_incidence,all,whole,q25
S_sq_screenup_or5,2059,9.292960930887398,asr_cancer_incidence,all,whole,q25
S_sq_screenup_or5,2060,8.726913398288868,asr_cancer_incidence,all,whole,q25
S_sq_screenup_or5,2061,8.638992417454936,asr_cancer_incidence,all,whole,q25
S_sq_screenup_or5,2062,8.6932695173581,asr_cancer_incidence,all,whole,q25
S_sq_screenup_or5,2063,7.964843576333624,asr_cancer_incidence,all,whole,q25
S_sq_screenup_or5,2064,7.984905135418524,asr_cancer_incidence,all,whole,q25
S_sq_screenup_or5,2065,7.503768980827011,asr_cancer_incidence,all,whole,q25
S_sq_screenup_or5,2066,7.41946887242181,asr_cancer_incidence,all,whole,q25
S_sq_screenup_or5,2067,7.255466014265559,asr_cancer_incidence,all,whole,q25
S_sq_screenup_or5,2068,7.1475502595665885,asr_cancer_incidence,all,whole,q25
S_sq_screenup_or5,2069,6.845446632465867,asr_cancer_incidence,all,whole,q25
S_sq_screenup_or5,2070,6.47363196191046,asr_cancer_incidence,all,whole,q25
S_sq_screenup_or5,2071,6.309634559260502,asr_cancer_incidence,all,whole,q25
S_sq_screenup_or5,2072,6.020104484962282,asr_cancer_incidence,all,whole,q25
S_sq_screenup_or5,2073,6.042226922435066,asr_cancer_incidence,all,whole,q25
S_sq_screenup_or5,2074,5.9197499707875645,asr_cancer_incidence,all,whole,q25
S_sq_screenup_or5,2075,5.379601691974742,asr_cancer_incidence,all,whole,q25
S_sq_screenup_or5,2076,5.5669085946883,asr_cancer_incidence,all,whole,q25
S_sq_screenup_or5,2077,5.4611004243505175,asr_cancer_incidence,all,whole,q25
S_sq_screenup_or5,2078,5.225547869367619,asr_cancer_incidence,all,whole,q25
S_sq_screenup_or5,2079,5.187165987921141,asr_cancer_incidence,all,whole,q25
S_sq_screenup_or5,2080,5.14929612869004,asr_cancer_incidence,all,whole,q25
S_sq_screenup_or5,2081,5.160675390369297,asr_cancer_incidence,all,whole,q25
S_sq_screenup_or5,2082,5.047849008371295,asr_cancer_incidence,all,whole,q25
S_sq_screenup_or5,2083,4.813474820638138,asr_cancer_incidence,all,whole,q25
S_sq_screenup_or5,2084,4.863500359188784,asr_cancer_incidence,all,whole,q25
S_sq_screenup_or5,2085,4.667374789559507,asr_cancer_incidence,all,whole,q25
S_sq_screenup_or5,2086,4.798652566871942,asr_cancer_incidence,all,whole,q25
S_sq_screenup_or5,2087,4.387814344603978,asr_cancer_incidence,all,whole,q25
S_sq_screenup_or5,2088,4.520220370275026,asr_cancer_incidence,all,whole,q25
S_sq_screenup_or5,2089,4.458137426906801,asr_cancer_incidence,all,whole,q25
S_sq_screenup_or5,2090,4.588278107544355,asr_cancer_incidence,all,whole,q25
S_sq_screenup_or5,2091,4.413928206943321,asr_cancer_incidence,all,whole,q25
S_sq_screenup_or5,2092,4.500245651556488,asr_cancer_incidence,all,whole,q25
S_sq_screenup_or5,2093,4.347224038566661,asr_cancer_incidence,all,whole,q25
S_sq_screenup_or5,2094,4.311694089429129,asr_cancer_incidence,all,whole,q25
S_sq_screenup_or5,2095,4.21352118494842,asr_cancer_incidence,all,whole,q25
S_sq_screenup_or5,2096,4.199827167571312,asr_cancer_incidence,all,whole,q25
S_sq_screenup_or5,2097,4.430213626852469,asr_cancer_incidence,all,whole,q25
S_sq_screenup_or5,2098,4.137702404269863,asr_cancer_incidence,all,whole,q25
S_sq_screenup_or5,2099,4.146932320196274,asr_cancer_incidence,all,whole,q25
S_sq_screenup_or5,2100,4.322347104076616,asr_cancer_incidence,all,whole,q25
S_who_or5,2020,18.426951683526074,asr_cancer_incidence,all,whole,q25
S_who_or5,2021,17.820087082885607,asr_cancer_incidence,all,whole,q25
S_who_or5,2022,18.11622546881528,asr_cancer_incidence,all,whole,q25
S_who_or5,2023,18.29082319594881,asr_cancer_incidence,all,whole,q25
S_who_or5,2024,18.092959575193664,asr_cancer_incidence,all,whole,q25
S_who_or5,2025,18.175312143648636,asr_cancer_incidence,all,whole,q25
S_who_or5,2026,18.066619448717955,asr_cancer_incidence,all,whole,q25
S_who_or5,2027,18.470077588129158,asr_cancer_incidence,all,whole,q25
S_who_or5,2028,17.76973817495134,asr_cancer_incidence,all,whole,q25
S_who_or5,2029,17.524606404791193,asr_cancer_incidence,all,whole,q25
S_who_or5,2030,17.041459978476205,asr_cancer_incidence,all,whole,q25
S_who_or5,2031,16.790449557539283,asr_cancer_incidence,all,whole,q25
S_who_or5,2032,16.8496370830454,asr_cancer_incidence,all,whole,q25
S_who_or5,2033,16.840277418058058,asr_cancer_incidence,all,whole,q25
S_who_or5,2034,16.227485586457604,asr_cancer_incidence,all,whole,q25
S_who_or5,2035,16.28335469143839,asr_cancer_incidence,all,whole,q25
S_who_or5,2036,16.14812383386964,asr_cancer_incidence,all,whole,q25
S_who_or5,2037,15.74924290223168,asr_cancer_incidence,all,whole,q25
S_who_or5,2038,15.061327796435041,asr_cancer_incidence,all,whole,q25
S_who_or5,2039,15.522038458622863,asr_cancer_incidence,all,whole,q25
S_who_or5,2040,15.540512184161162,asr_cancer_incidence,all,whole,q25
S_who_or5,2041,15.236633347966311,asr_cancer_incidence,all,whole,q25
S_who_or5,2042,14.354754051299265,asr_cancer_incidence,all,whole,q25
S_who_or5,2043,14.345808808662781,asr_cancer_incidence,all,whole,q25
S_who_or5,2044,14.11193280331742,asr_cancer_incidence,all,whole,q25
S_who_or5,2045,13.488235214228803,asr_cancer_incidence,all,whole,q25
S_who_or5,2046,13.179308803825624,asr_cancer_incidence,all,whole,q25
S_who_or5,2047,12.790392511611573,asr_cancer_incidence,all,whole,q25
S_who_or5,2048,12.581225805007834,asr_cancer_incidence,all,whole,q25
S_who_or5,2049,11.831212555453197,asr_cancer_incidence,all,whole,q25
S_who_or5,2050,11.683438544664007,asr_cancer_incidence,all,whole,q25
S_who_or5,2051,11.18603439821048,asr_cancer_incidence,all,whole,q25
S_who_or5,2052,10.618916839090648,asr_cancer_incidence,all,whole,q25
S_who_or5,2053,10.474132178209992,asr_cancer_incidence,all,whole,q25
S_who_or5,2054,10.044558409463665,asr_cancer_incidence,all,whole,q25
S_who_or5,2055,9.617126004762028,asr_cancer_incidence,all,whole,q25
S_who_or5,2056,9.515004270217746,asr_cancer_incidence,all,whole,q25
S_who_or5,2057,8.771321970483067,asr_cancer_incidence,all,whole,q25
S_who_or5,2058,8.431746204134743,asr_cancer_incidence,all,whole,q25
S_who_or5,2059,8.007094971857194,asr_cancer_incidence,all,whole,q25
S_who_or5,2060,7.534304193190006,asr_cancer_incidence,all,whole,q25
S_who_or5,2061,7.240044153373212,asr_cancer_incidence,all,whole,q25
S_who_or5,2062,7.168535575123849,asr_cancer_incidence,all,whole,q25
S_who_or5,2063,6.839128949781352,asr_cancer_incidence,all,whole,q25
S_who_or5,2064,6.499491818801568,asr_cancer_incidence,all,whole,q25
S_who_or5,2065,6.151148049535001,asr_cancer_incidence,all,whole,q25
S_who_or5,2066,6.206997107480193,asr_cancer_incidence,all,whole,q25
S_who_or5,2067,5.785102744104849,asr_cancer_incidence,all,whole,q25
S_who_or5,2068,5.3559889706878305,asr_cancer_incidence,all,whole,q25
S_who_or5,2069,5.3743987802367394,asr_cancer_incidence,all,whole,q25
S_who_or5,2070,5.048209121662923,asr_cancer_incidence,all,whole,q25
S_who_or5,2071,4.977037019325799,asr_cancer_incidence,all,whole,q25
S_who_or5,2072,4.546483079630139,asr_cancer_incidence,all,whole,q25
S_who_or5,2073,4.581273457384359,asr_cancer_incidence,all,whole,q25
S_who_or5,2074,4.435874134211121,asr_cancer_incidence,all,whole,q25
S_who_or5,2075,4.105474743206409,asr_cancer_incidence,all,whole,q25
S_who_or5,2076,3.947624948758162,asr_cancer_incidence,all,whole,q25
S_who_or5,2077,3.7912825313613805,asr_cancer_incidence,all,whole,q25
S_who_or5,2078,3.966778113399873,asr_cancer_incidence,all,whole,q25
S_who_or5,2079,3.631951209355493,asr_cancer_incidence,all,whole,q25
S_who_or5,2080,3.6365315301279137,asr_cancer_incidence,all,whole,q25
S_who_or5,2081,3.7131627039320216,asr_cancer_incidence,all,whole,q25
S_who_or5,2082,3.3144613603584374,asr_cancer_incidence,all,whole,q25
S_who_or5,2083,3.3717261541584485,asr_cancer_incidence,all,whole,q25
S_who_or5,2084,3.287585610731246,asr_cancer_incidence,all,whole,q25
S_who_or5,2085,3.274350219367386,asr_cancer_incidence,all,whole,q25
S_who_or5,2086,3.174004152999957,asr_cancer_incidence,all,whole,q25
S_who_or5,2087,3.3737882545838547,asr_cancer_incidence,all,whole,q25
S_who_or5,2088,3.246597612720725,asr_cancer_incidence,all,whole,q25
S_who_or5,2089,3.303413761753923,asr_cancer_incidence,all,whole,q25
S_who_or5,2090,3.0831712658342934,asr_cancer_incidence,all,whole,q25
S_who_or5,2091,3.166964951265408,asr_cancer_incidence,all,whole,q25
S_who_or5,2092,2.887540788198722,asr_cancer_incidence,all,whole,q25
S_who_or5,2093,2.989961755458932,asr_cancer_incidence,all,whole,q25
S_who_or5,2094,3.2164094268735215,asr_cancer_incidence,all,whole,q25
S_who_or5,2095,3.2039932455666826,asr_cancer_incidence,all,whole,q25
S_who_or5,2096,2.984362366797111,asr_cancer_incidence,all,whole,q25
S_who_or5,2097,2.901311777702678,asr_cancer_incidence,all,whole,q25
S_who_or5,2098,3.0444854086579376,asr_cancer_incidence,all,whole,q25
S_who_or5,2099,3.0882904920790715,asr_cancer_incidence,all,whole,q25
S_who_or5,2100,3.06599119402322,asr_cancer_incidence,all,whole,q25
S_infant_eff50,2020,20.608090498208202,asr_cancer_incidence,all,whole,q75
S_infant_eff50,2021,20.74056770507996,asr_cancer_incidence,all,whole,q75
S_infant_eff50,2022,20.579661608631355,asr_cancer_incidence,all,whole,q75
S_infant_eff50,2023,20.76074992595338,asr_cancer_incidence,all,whole,q75
S_infant_eff50,2024,21.069959449071362,asr_cancer_incidence,all,whole,q75
S_infant_eff50,2025,21.407844367573325,asr_cancer_incidence,all,whole,q75
S_infant_eff50,2026,20.927169831506756,asr_cancer_incidence,all,whole,q75
S_infant_eff50,2027,21.563202594449734,asr_cancer_incidence,all,whole,q75
S_infant_eff50,2028,20.08697715694812,asr_cancer_incidence,all,whole,q75
S_infant_eff50,2029,20.04092672203498,asr_cancer_incidence,all,whole,q75
S_infant_eff50,2030,19.767327005016927,asr_cancer_incidence,all,whole,q75
S_infant_eff50,2031,19.34437345462279,asr_cancer_incidence,all,whole,q75
S_infant_eff50,2032,19.452541474406075,asr_cancer_incidence,all,whole,q75
S_infant_eff50,2033,19.01812904838563,asr_cancer_incidence,all,whole,q75
S_infant_eff50,2034,19.24368804293623,asr_cancer_incidence,all,whole,q75
S_infant_eff50,2035,18.310229398558675,asr_cancer_incidence,all,whole,q75
S_infant_eff50,2036,17.868235163711347,asr_cancer_incidence,all,whole,q75
S_infant_eff50,2037,17.931528959026075,asr_cancer_incidence,all,whole,q75
S_infant_eff50,2038,18.1562441734792,asr_cancer_incidence,all,whole,q75
S_infant_eff50,2039,17.500232681799336,asr_cancer_incidence,all,whole,q75
S_infant_eff50,2040,17.233904388806828,asr_cancer_incidence,all,whole,q75
S_infant_eff50,2041,17.117547666636643,asr_cancer_incidence,all,whole,q75
S_infant_eff50,2042,17.025027683138028,asr_cancer_incidence,all,whole,q75
S_infant_eff50,2043,16.150373976949815,asr_cancer_incidence,all,whole,q75
S_infant_eff50,2044,15.992818332586541,asr_cancer_incidence,all,whole,q75
S_infant_eff50,2045,15.747940114824933,asr_cancer_incidence,all,whole,q75
S_infant_eff50,2046,14.86528493111826,asr_cancer_incidence,all,whole,q75
S_infant_eff50,2047,14.757499717175405,asr_cancer_incidence,all,whole,q75
S_infant_eff50,2048,14.314314287571033,asr_cancer_incidence,all,whole,q75
S_infant_eff50,2049,14.385219605322385,asr_cancer_incidence,all,whole,q75
S_infant_eff50,2050,13.449738842074403,asr_cancer_incidence,all,whole,q75
S_infant_eff50,2051,13.506916800252343,asr_cancer_incidence,all,whole,q75
S_infant_eff50,2052,13.151313782617365,asr_cancer_incidence,all,whole,q75
S_infant_eff50,2053,12.759235004772508,asr_cancer_incidence,all,whole,q75
S_infant_eff50,2054,12.00364263794994,asr_cancer_incidence,all,whole,q75
S_infant_eff50,2055,11.885924737142886,asr_cancer_incidence,all,whole,q75
S_infant_eff50,2056,11.574884589673154,asr_cancer_incidence,all,whole,q75
S_infant_eff50,2057,11.062969238484836,asr_cancer_incidence,all,whole,q75
S_infant_eff50,2058,10.875985979246234,asr_cancer_incidence,all,whole,q75
S_infant_eff50,2059,10.441013802213057,asr_cancer_incidence,all,whole,q75
S_infant_eff50,2060,10.282293387548023,asr_cancer_incidence,all,whole,q75
S_infant_eff50,2061,9.535947150743063,asr_cancer_incidence,all,whole,q75
S_infant_eff50,2062,9.517130352183692,asr_cancer_incidence,all,whole,q75
S_infant_eff50,2063,9.54302478763953,asr_cancer_incidence,all,whole,q75
S_infant_eff50,2064,9.181404902108321,asr_cancer_incidence,all,whole,q75
S_infant_eff50,2065,8.903239320255565,asr_cancer_incidence,all,whole,q75
S_infant_eff50,2066,8.513540129806232,asr_cancer_incidence,all,whole,q75
S_infant_eff50,2067,8.37364414496242,asr_cancer_incidence,all,whole,q75
S_infant_eff50,2068,8.176225666017725,asr_cancer_incidence,all,whole,q75
S_infant_eff50,2069,8.166928565593278,asr_cancer_incidence,all,whole,q75
S_infant_eff50,2070,7.8108232799080906,asr_cancer_incidence,all,whole,q75
S_infant_eff50,2071,7.505116211189282,asr_cancer_incidence,all,whole,q75
S_infant_eff50,2072,7.592659740298606,asr_cancer_incidence,all,whole,q75
S_infant_eff50,2073,7.044543848708814,asr_cancer_incidence,all,whole,q75
S_infant_eff50,2074,7.241590390377683,asr_cancer_incidence,all,whole,q75
S_infant_eff50,2075,6.763597850561254,asr_cancer_incidence,all,whole,q75
S_infant_eff50,2076,6.650243712870048,asr_cancer_incidence,all,whole,q75
S_infant_eff50,2077,6.679417280723257,asr_cancer_incidence,all,whole,q75
S_infant_eff50,2078,6.617800320786181,asr_cancer_incidence,all,whole,q75
S_infant_eff50,2079,6.516159593706868,asr_cancer_incidence,all,whole,q75
S_infant_eff50,2080,6.532365704472298,asr_cancer_incidence,all,whole,q75
S_infant_eff50,2081,6.381890346819422,asr_cancer_incidence,all,whole,q75
S_infant_eff50,2082,6.144911241207205,asr_cancer_incidence,all,whole,q75
S_infant_eff50,2083,6.244368560627914,asr_cancer_incidence,all,whole,q75
S_infant_eff50,2084,5.90354517391879,asr_cancer_incidence,all,whole,q75
S_infant_eff50,2085,6.172909690648696,asr_cancer_incidence,all,whole,q75
S_infant_eff50,2086,6.046511529316377,asr_cancer_incidence,all,whole,q75
S_infant_eff50,2087,5.995096126398639,asr_cancer_incidence,all,whole,q75
S_infant_eff50,2088,5.944471842325203,asr_cancer_incidence,all,whole,q75
S_infant_eff50,2089,5.83355421160349,asr_cancer_incidence,all,whole,q75
S_infant_eff50,2090,5.739706308179083,asr_cancer_incidence,all,whole,q75
S_infant_eff50,2091,5.788981397576576,asr_cancer_incidence,all,whole,q75
S_infant_eff50,2092,5.9410568056532735,asr_cancer_incidence,all,whole,q75
S_infant_eff50,2093,5.907241970820724,asr_cancer_incidence,all,whole,q75
S_infant_eff50,2094,5.720085171747448,asr_cancer_incidence,all,whole,q75
S_infant_eff50,2095,5.800832567131243,asr_cancer_incidence,all,whole,q75
S_infant_eff50,2096,5.654945956824722,asr_cancer_incidence,all,whole,q75
S_infant_eff50,2097,5.542688181992009,asr_cancer_incidence,all,whole,q75
S_infant_eff50,2098,5.7117722631206265,asr_cancer_incidence,all,whole,q75
S_infant_eff50,2099,5.72089590280514,asr_cancer_incidence,all,whole,q75
S_infant_eff50,2100,5.744994213275454,asr_cancer_incidence,all,whole,q75
S_infant_full,2020,20.608090498208202,asr_cancer_incidence,all,whole,q75
S_infant_full,2021,20.74056770507996,asr_cancer_incidence,all,whole,q75
S_infant_full,2022,20.579661608631355,asr_cancer_incidence,all,whole,q75
S_infant_full,2023,20.760749299249753,asr_cancer_incidence,all,whole,q75
S_infant_full,2024,21.074414211102884,asr_cancer_incidence,all,whole,q75
S_infant_full,2025,21.41338105083358,asr_cancer_incidence,all,whole,q75
S_infant_full,2026,20.89712231622477,asr_cancer_incidence,all,whole,q75
S_infant_full,2027,21.46910810803978,asr_cancer_incidence,all,whole,q75
S_infant_full,2028,20.103282446054187,asr_cancer_incidence,all,whole,q75
S_infant_full,2029,20.350352679782034,asr_cancer_incidence,all,whole,q75
S_infant_full,2030,19.788148656711016,asr_cancer_incidence,all,whole,q75
S_infant_full,2031,19.254736874188907,asr_cancer_incidence,all,whole,q75
S_infant_full,2032,19.458854888773153,asr_cancer_incidence,all,whole,q75
S_infant_full,2033,19.159816528034764,asr_cancer_incidence,all,whole,q75
S_infant_full,2034,19.290573507518737,asr_cancer_incidence,all,whole,q75
S_infant_full,2035,18.427708928444403,asr_cancer_incidence,all,whole,q75
S_infant_full,2036,18.067448130463507,asr_cancer_incidence,all,whole,q75
S_infant_full,2037,17.81410271660064,asr_cancer_incidence,all,whole,q75
S_infant_full,2038,18.183665272832805,asr_cancer_incidence,all,whole,q75
S_infant_full,2039,17.42904021773313,asr_cancer_incidence,all,whole,q75
S_infant_full,2040,17.056938564977465,asr_cancer_incidence,all,whole,q75
S_infant_full,2041,17.119748239480458,asr_cancer_incidence,all,whole,q75
S_infant_full,2042,16.64781656618019,asr_cancer_incidence,all,whole,q75
S_infant_full,2043,16.095067380522913,asr_cancer_incidence,all,whole,q75
S_infant_full,2044,15.427814481849753,asr_cancer_incidence,all,whole,q75
S_infant_full,2045,15.518915333710687,asr_cancer_incidence,all,whole,q75
S_infant_full,2046,14.874565420696694,asr_cancer_incidence,all,whole,q75
S_infant_full,2047,14.808592642898411,asr_cancer_incidence,all,whole,q75
S_infant_full,2048,14.10278034646771,asr_cancer_incidence,all,whole,q75
S_infant_full,2049,13.623357106969957,asr_cancer_incidence,all,whole,q75
S_infant_full,2050,13.280750275523772,asr_cancer_incidence,all,whole,q75
S_infant_full,2051,12.909062870169034,asr_cancer_incidence,all,whole,q75
S_infant_full,2052,12.850765523418495,asr_cancer_incidence,all,whole,q75
S_infant_full,2053,11.941442291914639,asr_cancer_incidence,all,whole,q75
S_infant_full,2054,11.655766522826784,asr_cancer_incidence,all,whole,q75
S_infant_full,2055,11.663989709003959,asr_cancer_incidence,all,whole,q75
S_infant_full,2056,10.924245884801941,asr_cancer_incidence,all,whole,q75
S_infant_full,2057,10.705017901914873,asr_cancer_incidence,all,whole,q75
S_infant_full,2058,10.307594177243063,asr_cancer_incidence,all,whole,q75
S_infant_full,2059,9.796151590634071,asr_cancer_incidence,all,whole,q75
S_infant_full,2060,9.461578293230284,asr_cancer_incidence,all,whole,q75
S_infant_full,2061,9.11331425789069,asr_cancer_incidence,all,whole,q75
S_infant_full,2062,8.862140239277013,asr_cancer_incidence,all,whole,q75
S_infant_full,2063,8.550587521275826,asr_cancer_incidence,all,whole,q75
S_infant_full,2064,8.24809618254452,asr_cancer_incidence,all,whole,q75
S_infant_full,2065,8.18163861480926,asr_cancer_incidence,all,whole,q75
S_infant_full,2066,7.744255358572098,asr_cancer_incidence,all,whole,q75
S_infant_full,2067,7.592238664942638,asr_cancer_incidence,all,whole,q75
S_infant_full,2068,7.258481377032401,asr_cancer_incidence,all,whole,q75
S_infant_full,2069,6.95824998798694,asr_cancer_incidence,all,whole,q75
S_infant_full,2070,6.9201329750573795,asr_cancer_incidence,all,whole,q75
S_infant_full,2071,6.616995049013314,asr_cancer_incidence,all,whole,q75
S_infant_full,2072,6.445329671619186,asr_cancer_incidence,all,whole,q75
S_infant_full,2073,6.182020821988101,asr_cancer_incidence,all,whole,q75
S_infant_full,2074,6.361988979607283,asr_cancer_incidence,all,whole,q75
S_infant_full,2075,5.792544405275048,asr_cancer_incidence,all,whole,q75
S_infant_full,2076,5.6458768728451485,asr_cancer_incidence,all,whole,q75
S_infant_full,2077,5.7226741664814265,asr_cancer_incidence,all,whole,q75
S_infant_full,2078,5.58051624164221,asr_cancer_incidence,all,whole,q75
S_infant_full,2079,5.332122384265814,asr_cancer_incidence,all,whole,q75
S_infant_full,2080,5.232499813785733,asr_cancer_incidence,all,whole,q75
S_infant_full,2081,5.399165048265569,asr_cancer_incidence,all,whole,q75
S_infant_full,2082,5.090229108625545,asr_cancer_incidence,all,whole,q75
S_infant_full,2083,5.07419255444841,asr_cancer_incidence,all,whole,q75
S_infant_full,2084,5.147975753881983,asr_cancer_incidence,all,whole,q75
S_infant_full,2085,4.993157883606793,asr_cancer_incidence,all,whole,q75
S_infant_full,2086,5.06089723019085,asr_cancer_incidence,all,whole,q75
S_infant_full,2087,4.973327396247066,asr_cancer_incidence,all,whole,q75
S_infant_full,2088,5.012688129197023,asr_cancer_incidence,all,whole,q75
S_infant_full,2089,4.827303863065778,asr_cancer_incidence,all,whole,q75
S_infant_full,2090,4.754603732178284,asr_cancer_incidence,all,whole,q75
S_infant_full,2091,4.8522011796870474,asr_cancer_incidence,all,whole,q75
S_infant_full,2092,5.015538395969048,asr_cancer_incidence,all,whole,q75
S_infant_full,2093,4.927592076789088,asr_cancer_incidence,all,whole,q75
S_infant_full,2094,4.8823123490347085,asr_cancer_incidence,all,whole,q75
S_infant_full,2095,4.947733213232324,asr_cancer_incidence,all,whole,q75
S_infant_full,2096,4.943587318479619,asr_cancer_incidence,all,whole,q75
S_infant_full,2097,4.984977738211939,asr_cancer_incidence,all,whole,q75
S_infant_full,2098,4.744476889697958,asr_cancer_incidence,all,whole,q75
S_infant_full,2099,5.097480381585426,asr_cancer_incidence,all,whole,q75
S_infant_full,2100,4.772884027579212,asr_cancer_incidence,all,whole,q75
S_sq,2020,20.60806026053937,asr_cancer_incidence,all,whole,q75
S_sq,2021,20.762247782119797,asr_cancer_incidence,all,whole,q75
S_sq,2022,20.582315395171936,asr_cancer_incidence,all,whole,q75
S_sq,2023,20.79995349532271,asr_cancer_incidence,all,whole,q75
S_sq,2024,21.133927561792362,asr_cancer_incidence,all,whole,q75
S_sq,2025,21.061093864057682,asr_cancer_incidence,all,whole,q75
S_sq,2026,20.887045895226645,asr_cancer_incidence,all,whole,q75
S_sq,2027,21.926681413302784,asr_cancer_incidence,all,whole,q75
S_sq,2028,21.111939534014414,asr_cancer_incidence,all,whole,q75
S_sq,2029,21.53565482853381,asr_cancer_incidence,all,whole,q75
S_sq,2030,21.27477098429487,asr_cancer_incidence,all,whole,q75
S_sq,2031,21.068484820161725,asr_cancer_incidence,all,whole,q75
S_sq,2032,21.25111388780664,asr_cancer_incidence,all,whole,q75
S_sq,2033,21.341729042531824,asr_cancer_incidence,all,whole,q75
S_sq,2034,21.538403816882898,asr_cancer_incidence,all,whole,q75
S_sq,2035,20.96795742809922,asr_cancer_incidence,all,whole,q75
S_sq,2036,20.538471134678858,asr_cancer_incidence,all,whole,q75
S_sq,2037,21.552122767040416,asr_cancer_incidence,all,whole,q75
S_sq,2038,20.831412579583834,asr_cancer_incidence,all,whole,q75
S_sq,2039,20.911840273522696,asr_cancer_incidence,all,whole,q75
S_sq,2040,20.806337446766477,asr_cancer_incidence,all,whole,q75
S_sq,2041,20.618854516899635,asr_cancer_incidence,all,whole,q75
S_sq,2042,20.27019041235682,asr_cancer_incidence,all,whole,q75
S_sq,2043,20.27588894699228,asr_cancer_incidence,all,whole,q75
S_sq,2044,19.89232892778451,asr_cancer_incidence,all,whole,q75
S_sq,2045,20.02002153434707,asr_cancer_incidence,all,whole,q75
S_sq,2046,19.382717807664605,asr_cancer_incidence,all,whole,q75
S_sq,2047,19.89112599449122,asr_cancer_incidence,all,whole,q75
S_sq,2048,18.950792563837553,asr_cancer_incidence,all,whole,q75
S_sq,2049,19.288958461984105,asr_cancer_incidence,all,whole,q75
S_sq,2050,18.49036295528759,asr_cancer_incidence,all,whole,q75
S_sq,2051,17.9325353609747,asr_cancer_incidence,all,whole,q75
S_sq,2052,17.846412762173255,asr_cancer_incidence,all,whole,q75
S_sq,2053,17.529840268588757,asr_cancer_incidence,all,whole,q75
S_sq,2054,17.05670145493941,asr_cancer_incidence,all,whole,q75
S_sq,2055,16.760236097444135,asr_cancer_incidence,all,whole,q75
S_sq,2056,16.275384601568238,asr_cancer_incidence,all,whole,q75
S_sq,2057,15.66016980907182,asr_cancer_incidence,all,whole,q75
S_sq,2058,15.354496234106827,asr_cancer_incidence,all,whole,q75
S_sq,2059,15.015951625119913,asr_cancer_incidence,all,whole,q75
S_sq,2060,14.772033739631635,asr_cancer_incidence,all,whole,q75
S_sq,2061,14.338880592666879,asr_cancer_incidence,all,whole,q75
S_sq,2062,13.610364010514907,asr_cancer_incidence,all,whole,q75
S_sq,2063,13.618669817092606,asr_cancer_incidence,all,whole,q75
S_sq,2064,13.564687499151804,asr_cancer_incidence,all,whole,q75
S_sq,2065,12.89187010895635,asr_cancer_incidence,all,whole,q75
S_sq,2066,12.492088905791192,asr_cancer_incidence,all,whole,q75
S_sq,2067,12.419287169496204,asr_cancer_incidence,all,whole,q75
S_sq,2068,12.087075043229758,asr_cancer_incidence,all,whole,q75
S_sq,2069,11.879783311998107,asr_cancer_incidence,all,whole,q75
S_sq,2070,11.603592151996509,asr_cancer_incidence,all,whole,q75
S_sq,2071,11.42890334936163,asr_cancer_incidence,all,whole,q75
S_sq,2072,11.174094402971937,asr_cancer_incidence,all,whole,q75
S_sq,2073,11.019732244982523,asr_cancer_incidence,all,whole,q75
S_sq,2074,10.992066083725804,asr_cancer_incidence,all,whole,q75
S_sq,2075,10.346677618339934,asr_cancer_incidence,all,whole,q75
S_sq,2076,10.094297007933118,asr_cancer_incidence,all,whole,q75
S_sq,2077,9.935932288003748,asr_cancer_incidence,all,whole,q75
S_sq,2078,9.740056680578265,asr_cancer_incidence,all,whole,q75
S_sq,2079,10.145467619957623,asr_cancer_incidence,all,whole,q75
S_sq,2080,9.84138710045426,asr_cancer_incidence,all,whole,q75
S_sq,2081,9.835711119564458,asr_cancer_incidence,all,whole,q75
S_sq,2082,9.682040163805015,asr_cancer_incidence,all,whole,q75
S_sq,2083,9.440928552773263,asr_cancer_incidence,all,whole,q75
S_sq,2084,9.64578363650983,asr_cancer_incidence,all,whole,q75
S_sq,2085,9.106389377347693,asr_cancer_incidence,all,whole,q75
S_sq,2086,9.376928380012325,asr_cancer_incidence,all,whole,q75
S_sq,2087,8.93892140662354,asr_cancer_incidence,all,whole,q75
S_sq,2088,9.215766350565227,asr_cancer_incidence,all,whole,q75
S_sq,2089,8.996378793921693,asr_cancer_incidence,all,whole,q75
S_sq,2090,9.070894938296073,asr_cancer_incidence,all,whole,q75
S_sq,2091,8.918654451304674,asr_cancer_incidence,all,whole,q75
S_sq,2092,9.010557014001705,asr_cancer_incidence,all,whole,q75
S_sq,2093,9.192524566871946,asr_cancer_incidence,all,whole,q75
S_sq,2094,8.985020918860169,asr_cancer_incidence,all,whole,q75
S_sq,2095,8.829975323284588,asr_cancer_incidence,all,whole,q75
S_sq,2096,9.201019749632454,asr_cancer_incidence,all,whole,q75
S_sq,2097,9.017219342830199,asr_cancer_incidence,all,whole,q75
S_sq,2098,9.12456298171238,asr_cancer_incidence,all,whole,q75
S_sq,2099,8.905846470671502,asr_cancer_incidence,all,whole,q75
S_sq,2100,9.030333276559599,asr_cancer_incidence,all,whole,q75
S_sq_screenup_or5,2020,20.608090498208202,asr_cancer_incidence,all,whole,q75
S_sq_screenup_or5,2021,20.74056770507996,asr_cancer_incidence,all,whole,q75
S_sq_screenup_or5,2022,20.579661608631355,asr_cancer_incidence,all,whole,q75
S_sq_screenup_or5,2023,20.760749299249753,asr_cancer_incidence,all,whole,q75
S_sq_screenup_or5,2024,21.075684015678767,asr_cancer_incidence,all,whole,q75
S_sq_screenup_or5,2025,21.441029613173736,asr_cancer_incidence,all,whole,q75
S_sq_screenup_or5,2026,20.89358155107147,asr_cancer_incidence,all,whole,q75
S_sq_screenup_or5,2027,21.38969098044025,asr_cancer_incidence,all,whole,q75
S_sq_screenup_or5,2028,20.22235253212578,asr_cancer_incidence,all,whole,q75
S_sq_screenup_or5,2029,20.043090237875003,asr_cancer_incidence,all,whole,q75
S_sq_screenup_or5,2030,19.92805247922108,asr_cancer_incidence,all,whole,q75
S_sq_screenup_or5,2031,19.420156820960024,asr_cancer_incidence,all,whole,q75
S_sq_screenup_or5,2032,19.370385132066684,asr_cancer_incidence,all,whole,q75
S_sq_screenup_or5,2033,19.221014408619986,asr_cancer_incidence,all,whole,q75
S_sq_screenup_or5,2034,19.09927133561559,asr_cancer_incidence,all,whole,q75
S_sq_screenup_or5,2035,18.368927532456517,asr_cancer_incidence,all,whole,q75
S_sq_screenup_or5,2036,17.86165100789607,asr_cancer_incidence,all,whole,q75
S_sq_screenup_or5,2037,18.189629473457927,asr_cancer_incidence,all,whole,q75
S_sq_screenup_or5,2038,18.152202124262782,asr_cancer_incidence,all,whole,q75
S_sq_screenup_or5,2039,17.551819412069644,asr_cancer_incidence,all,whole,q75
S_sq_screenup_or5,2040,17.376742955812396,asr_cancer_incidence,all,whole,q75
S_sq_screenup_or5,2041,17.231803584481334,asr_cancer_incidence,all,whole,q75
S_sq_screenup_or5,2042,16.416458438412786,asr_cancer_incidence,all,whole,q75
S_sq_screenup_or5,2043,16.121881187085854,asr_cancer_incidence,all,whole,q75
S_sq_screenup_or5,2044,16.114980906854967,asr_cancer_incidence,all,whole,q75
S_sq_screenup_or5,2045,15.469172396716454,asr_cancer_incidence,all,whole,q75
S_sq_screenup_or5,2046,14.952609238904246,asr_cancer_incidence,all,whole,q75
S_sq_screenup_or5,2047,14.957408535441044,asr_cancer_incidence,all,whole,q75
S_sq_screenup_or5,2048,14.605581605396479,asr_cancer_incidence,all,whole,q75
S_sq_screenup_or5,2049,14.021018163136201,asr_cancer_incidence,all,whole,q75
S_sq_screenup_or5,2050,13.818802999305497,asr_cancer_incidence,all,whole,q75
S_sq_screenup_or5,2051,13.598872930637052,asr_cancer_incidence,all,whole,q75
S_sq_screenup_or5,2052,13.178992844366219,asr_cancer_incidence,all,whole,q75
S_sq_screenup_or5,2053,12.701486751542244,asr_cancer_incidence,all,whole,q75
S_sq_screenup_or5,2054,12.174092081650453,asr_cancer_incidence,all,whole,q75
S_sq_screenup_or5,2055,12.220965913381965,asr_cancer_incidence,all,whole,q75
S_sq_screenup_or5,2056,11.815640182793661,asr_cancer_incidence,all,whole,q75
S_sq_screenup_or5,2057,11.722663446034982,asr_cancer_incidence,all,whole,q75
S_sq_screenup_or5,2058,11.368454815639309,asr_cancer_incidence,all,whole,q75
S_sq_screenup_or5,2059,10.707329919436573,asr_cancer_incidence,all,whole,q75
S_sq_screenup_or5,2060,10.479172725787773,asr_cancer_incidence,all,whole,q75
S_sq_screenup_or5,2061,9.841440080566986,asr_cancer_incidence,all,whole,q75
S_sq_screenup_or5,2062,9.807488778861112,asr_cancer_incidence,all,whole,q75
S_sq_screenup_or5,2063,9.896395890747172,asr_cancer_incidence,all,whole,q75
S_sq_screenup_or5,2064,9.452481905749284,asr_cancer_incidence,all,whole,q75
S_sq_screenup_or5,2065,8.980700906309337,asr_cancer_incidence,all,whole,q75
S_sq_screenup_or5,2066,8.973931277001453,asr_cancer_incidence,all,whole,q75
S_sq_screenup_or5,2067,8.676988359490242,asr_cancer_incidence,all,whole,q75
S_sq_screenup_or5,2068,8.538480704473141,asr_cancer_incidence,all,whole,q75
S_sq_screenup_or5,2069,8.40795860521939,asr_cancer_incidence,all,whole,q75
S_sq_screenup_or5,2070,8.037926796091126,asr_cancer_incidence,all,whole,q75
S_sq_screenup_or5,2071,7.963188762253352,asr_cancer_incidence,all,whole,q75
S_sq_screenup_or5,2072,7.893087132251444,asr_cancer_incidence,all,whole,q75
S_sq_screenup_or5,2073,7.327477345848702,asr_cancer_incidence,all,whole,q75
S_sq_screenup_or5,2074,7.438624319029186,asr_cancer_incidence,all,whole,q75
S_sq_screenup_or5,2075,7.147940396447748,asr_cancer_incidence,all,whole,q75
S_sq_screenup_or5,2076,6.997562837937565,asr_cancer_incidence,all,whole,q75
S_sq_screenup_or5,2077,7.122505596935744,asr_cancer_incidence,all,whole,q75
S_sq_screenup_or5,2078,6.663253646752132,asr_cancer_incidence,all,whole,q75
S_sq_screenup_or5,2079,6.673389058872816,asr_cancer_incidence,all,whole,q75
S_sq_screenup_or5,2080,6.640015829041515,asr_cancer_incidence,all,whole,q75
S_sq_screenup_or5,2081,6.807365423637724,asr_cancer_incidence,all,whole,q75
S_sq_screenup_or5,2082,6.261368669773111,asr_cancer_incidence,all,whole,q75
S_sq_screenup_or5,2083,6.4680893200419876,asr_cancer_incidence,all,whole,q75
S_sq_screenup_or5,2084,6.467060121965582,asr_cancer_incidence,all,whole,q75
S_sq_screenup_or5,2085,6.399225861101977,asr_cancer_incidence,all,whole,q75
S_sq_screenup_or5,2086,6.445419865855816,asr_cancer_incidence,all,whole,q75
S_sq_screenup_or5,2087,6.228447885185527,asr_cancer_incidence,all,whole,q75
S_sq_screenup_or5,2088,6.408822948211047,asr_cancer_incidence,all,whole,q75
S_sq_screenup_or5,2089,6.378719074516014,asr_cancer_incidence,all,whole,q75
S_sq_screenup_or5,2090,6.3750603908982,asr_cancer_incidence,all,whole,q75
S_sq_screenup_or5,2091,6.324519474096677,asr_cancer_incidence,all,whole,q75
S_sq_screenup_or5,2092,5.981593238283122,asr_cancer_incidence,all,whole,q75
S_sq_screenup_or5,2093,6.295565584521955,asr_cancer_incidence,all,whole,q75
S_sq_screenup_or5,2094,6.107785458489062,asr_cancer_incidence,all,whole,q75
S_sq_screenup_or5,2095,6.188124752711758,asr_cancer_incidence,all,whole,q75
S_sq_screenup_or5,2096,6.1849598098620895,asr_cancer_incidence,all,whole,q75
S_sq_screenup_or5,2097,6.1883279445479795,asr_cancer_incidence,all,whole,q75
S_sq_screenup_or5,2098,6.392708329252357,asr_cancer_incidence,all,whole,q75
S_sq_screenup_or5,2099,6.304456228482583,asr_cancer_incidence,all,whole,q75
S_sq_screenup_or5,2100,6.356208486916584,asr_cancer_incidence,all,whole,q75
S_who_or5,2020,20.608090498208202,asr_cancer_incidence,all,whole,q75
S_who_or5,2021,20.74056770507996,asr_cancer_incidence,all,whole,q75
S_who_or5,2022,20.579661608631355,asr_cancer_incidence,all,whole,q75
S_who_or5,2023,20.76074992595338,asr_cancer_incidence,all,whole,q75
S_who_or5,2024,21.074457398338946,asr_cancer_incidence,all,whole,q75
S_who_or5,2025,21.41321733081483,asr_cancer_incidence,all,whole,q75
S_who_or5,2026,20.803080859988448,asr_cancer_incidence,all,whole,q75
S_who_or5,2027,21.348583754486906,asr_cancer_incidence,all,whole,q75
S_who_or5,2028,20.19408235103634,asr_cancer_incidence,all,whole,q75
S_who_or5,2029,20.053049317577475,asr_cancer_incidence,all,whole,q75
S_who_or5,2030,19.79237614409589,asr_cancer_incidence,all,whole,q75
S_who_or5,2031,19.208144682592508,asr_cancer_incidence,all,whole,q75
S_who_or5,2032,19.485107270476774,asr_cancer_incidence,all,whole,q75
S_who_or5,2033,19.266201113285973,asr_cancer_incidence,all,whole,q75
S_who_or5,2034,19.013141048982423,asr_cancer_incidence,all,whole,q75
S_who_or5,2035,18.19125776146677,asr_cancer_incidence,all,whole,q75
S_who_or5,2036,18.05874906542308,asr_cancer_incidence,all,whole,q75
S_who_or5,2037,17.92932544411803,asr_cancer_incidence,all,whole,q75
S_who_or5,2038,18.121985442215937,asr_cancer_incidence,all,whole,q75
S_who_or5,2039,17.301757692573126,asr_cancer_incidence,all,whole,q75
S_who_or5,2040,17.50823659294186,asr_cancer_incidence,all,whole,q75
S_who_or5,2041,16.841277631443756,asr_cancer_incidence,all,whole,q75
S_who_or5,2042,16.574858373628935,asr_cancer_incidence,all,whole,q75
S_who_or5,2043,15.894466635830428,asr_cancer_incidence,all,whole,q75
S_who_or5,2044,15.59024514861424,asr_cancer_incidence,all,whole,q75
S_who_or5,2045,15.449327245937873,asr_cancer_incidence,all,whole,q75
S_who_or5,2046,14.61721759634709,asr_cancer_incidence,all,whole,q75
S_who_or5,2047,14.412262827015098,asr_cancer_incidence,all,whole,q75
S_who_or5,2048,14.177800908721446,asr_cancer_incidence,all,whole,q75
S_who_or5,2049,13.534966367236958,asr_cancer_incidence,all,whole,q75
S_who_or5,2050,13.094904228048032,asr_cancer_incidence,all,whole,q75
S_who_or5,2051,12.55454198835669,asr_cancer_incidence,all,whole,q75
S_who_or5,2052,12.058743236717437,asr_cancer_incidence,all,whole,q75
S_who_or5,2053,11.626901822738159,asr_cancer_incidence,all,whole,q75
S_who_or5,2054,11.39645295996378,asr_cancer_incidence,all,whole,q75
S_who_or5,2055,11.070503218149923,asr_cancer_incidence,all,whole,q75
S_who_or5,2056,10.543751304814059,asr_cancer_incidence,all,whole,q75
S_who_or5,2057,10.291698828200975,asr_cancer_incidence,all,whole,q75
S_who_or5,2058,9.872110146567538,asr_cancer_incidence,all,whole,q75
S_who_or5,2059,9.282072380439176,asr_cancer_incidence,all,whole,q75
S_who_or5,2060,8.947737976255294,asr_cancer_incidence,all,whole,q75
S_who_or5,2061,8.66958568389558,asr_cancer_incidence,all,whole,q75
S_who_or5,2062,8.385504209210971,asr_cancer_incidence,all,whole,q75
S_who_or5,2063,8.164993603692457,asr_cancer_incidence,all,whole,q75
S_who_or5,2064,7.958890880947805,asr_cancer_incidence,all,whole,q75
S_who_or5,2065,7.792796616689655,asr_cancer_incidence,all,whole,q75
S_who_or5,2066,7.257795170667279,asr_cancer_incidence,all,whole,q75
S_who_or5,2067,7.142017487576733,asr_cancer_incidence,all,whole,q75
S_who_or5,2068,6.604993928088671,asr_cancer_incidence,all,whole,q75
S_who_or5,2069,6.809798172156129,asr_cancer_incidence,all,whole,q75
S_who_or5,2070,6.315583685677893,asr_cancer_incidence,all,whole,q75
S_who_or5,2071,6.1690076428667115,asr_cancer_incidence,all,whole,q75
S_who_or5,2072,5.9400274775680355,asr_cancer_incidence,all,whole,q75
S_who_or5,2073,5.881857862245487,asr_cancer_incidence,all,whole,q75
S_who_or5,2074,5.575083188413345,asr_cancer_incidence,all,whole,q75
S_who_or5,2075,5.4022890709467735,asr_cancer_incidence,all,whole,q75
S_who_or5,2076,5.1155650499623935,asr_cancer_incidence,all,whole,q75
S_who_or5,2077,5.012369285058583,asr_cancer_incidence,all,whole,q75
S_who_or5,2078,5.465234929622012,asr_cancer_incidence,all,whole,q75
S_who_or5,2079,5.076148475108034,asr_cancer_incidence,all,whole,q75
S_who_or5,2080,5.043228808574893,asr_cancer_incidence,all,whole,q75
S_who_or5,2081,4.817548804344968,asr_cancer_incidence,all,whole,q75
S_who_or5,2082,4.9190250075437305,asr_cancer_incidence,all,whole,q75
S_who_or5,2083,4.829234538156739,asr_cancer_incidence,all,whole,q75
S_who_or5,2084,4.932406378178342,asr_cancer_incidence,all,whole,q75
S_who_or5,2085,4.832103349835544,asr_cancer_incidence,all,whole,q75
S_who_or5,2086,4.567716952778736,asr_cancer_incidence,all,whole,q75
S_who_or5,2087,4.710238777453887,asr_cancer_incidence,all,whole,q75
S_who_or5,2088,4.679703884518442,asr_cancer_incidence,all,whole,q75
S_who_or5,2089,4.754369754792042,asr_cancer_incidence,all,whole,q75
S_who_or5,2090,4.648030053527551,asr_cancer_incidence,all,whole,q75
S_who_or5,2091,4.661936114989143,asr_cancer_incidence,all,whole,q75
S_who_or5,2092,4.777643637492954,asr_cancer_incidence,all,whole,q75
S_who_or5,2093,4.720730211096311,asr_cancer_incidence,all,whole,q75
S_who_or5,2094,4.725958993684078,asr_cancer_incidence,all,whole,q75
S_who_or5,2095,4.757089666191658,asr_cancer_incidence,all,whole,q75
S_who_or5,2096,4.546902494177417,asr_cancer_incidence,all,whole,q75
S_who_or5,2097,4.777846197888993,asr_cancer_incidence,all,whole,q75
S_who_or5,2098,4.760975976965991,asr_cancer_incidence,all,whole,q75
S_who_or5,2099,4.7433126954220075,asr_cancer_incidence,all,whole,q75
S_who_or5,2100,4.660168843074486,asr_cancer_incidence,all,whole,q75
S_infant_eff50,2020_2125,348927.40241364116,new_cancers,all,vt_group,median
S_infant_full,2020_2125,275765.92512974585,new_cancers,all,vt_group,median
S_sq,2020_2125,549324.3050853822,new_cancers,all,vt_group,median
S_sq_screenup_or5,2020_2125,378294.5663845638,new_cancers,all,vt_group,median
S_who_or5,2020_2125,254805.3070847565,new_cancers,all,vt_group,median
S_infant_eff50,2020_2125,284417.75479078427,new_cancers,all,vt_group,q25
S_infant_full,2020_2125,232818.95628141996,new_cancers,all,vt_group,q25
S_sq,2020_2125,466228.8237714451,new_cancers,all,vt_group,q25
S_sq_screenup_or5,2020_2125,322815.82336255047,new_cancers,all,vt_group,q25
S_who_or5,2020_2125,204823.15227652522,new_cancers,all,vt_group,q25
S_infant_eff50,2020_2125,406702.8955949773,new_cancers,all,vt_group,q75
S_infant_full,2020_2125,329104.0089222478,new_cancers,all,vt_group,q75
S_sq,2020_2125,631048.426009642,new_cancers,all,vt_group,q75
S_sq_screenup_or5,2020_2125,444242.4724863113,new_cancers,all,vt_group,q75
S_who_or5,2020_2125,301052.45840709837,new_cancers,all,vt_group,q75
